date,open,high,low,adjClose,value,volume,count,close
2001-04-21,4552.0,4554.0,4552.0,4554.0,22769096,5000,5,4554.0
2001-04-22,4554.0,4557.0,4554.0,4557.0,16181604,3552,4,4557.0
2001-04-25,4557.0,4557.0,4557.0,4557.0,5359032,1176,2,4557.0
2001-05-06,4549.0,4549.0,4549.0,4549.0,8788668,1932,23,4549.0
2001-05-07,4550.0,4776.0,4550.0,4776.0,84042080,17720,10,4776.0
2001-05-19,4775.0,4776.0,4775.0,4776.0,8061448,1688,3,4776.0
2001-05-29,4783.0,4783.0,4783.0,4783.0,401772,84,1,4783.0
2001-05-30,4784.0,4784.0,4784.0,4784.0,401856,84,1,4784.0
2001-06-09,4786.0,4786.0,4785.0,4785.0,2076774,434,2,4785.0
2001-06-16,4787.0,4787.0,4787.0,4787.0,1570136,328,1,4787.0
2001-06-18,4789.0,4789.0,4789.0,4789.0,1187672,248,1,4789.0
2001-08-12,4650.0,4650.0,4650.0,4650.0,4650000,1000,1,4650.0
2001-08-15,4650.0,4650.0,4650.0,4650.0,5319600,1144,2,4650.0
2001-08-18,4650.0,4650.0,4650.0,4650.0,855600,184,1,4650.0
2001-08-21,4700.0,4700.0,4700.0,4700.0,2350000,500,1,4700.0
2001-08-22,4735.0,4735.0,4735.0,4735.0,1491525,315,1,4735.0
2001-08-25,4735.0,4735.0,4735.0,4735.0,3068280,648,4,4735.0
2001-08-29,4732.0,4800.0,4732.0,4800.0,11086042,2332,6,4800.0
2001-09-02,4800.0,4800.0,4800.0,4800.0,38400,8,1,4800.0
2001-09-22,4793.0,4800.0,4793.0,4800.0,4412738952,919328,13,4800.0
2001-09-24,4800.0,4800.0,4800.0,4800.0,5952000,1240,2,4800.0
2001-09-30,4795.0,4800.0,4795.0,4800.0,47977900,10000,10,4800.0
2001-10-06,4849.0,4850.0,4849.0,4850.0,12336600,2544,2,4850.0
2001-10-07,4850.0,4850.0,4850.0,4850.0,3608400,744,1,4850.0
2001-10-09,4850.0,4850.0,4850.0,4850.0,6790000,1400,1,4850.0
2001-11-04,4610.0,4610.0,4610.0,4610.0,4610000,1000,1,4610.0
2001-11-06,4607.0,4840.0,4607.0,4840.0,58341052,12264,20,4840.0
2001-11-11,4840.0,4840.0,4840.0,4840.0,2381280,492,2,4840.0
2001-12-10,4797.0,4850.0,4797.0,4850.0,23254800,4838,10,4850.0
2001-12-22,4838.0,4838.0,4838.0,4838.0,483800,100,1,4838.0
2001-12-23,4837.0,4837.0,4837.0,4837.0,406308,84,1,4837.0
2001-12-29,4828.0,4828.0,4828.0,4828.0,2356064,488,1,4828.0
2002-01-01,4818.0,4850.0,4818.0,4850.0,22693616,4700,10,4850.0
2002-01-05,4850.0,4850.0,4850.0,4850.0,14550000,3000,2,4850.0
2002-01-06,4850.0,4850.0,4850.0,4850.0,4151600,856,1,4850.0
2002-01-07,4850.0,4850.0,4850.0,4850.0,698400,144,2,4850.0
2002-01-13,4850.0,4860.0,4850.0,4860.0,20564840,4240,6,4860.0
2002-01-16,4860.0,4860.0,4860.0,4860.0,97200,20,1,4860.0
2002-01-22,4850.0,4860.0,4850.0,4860.0,14945404,3076,8,4860.0
2002-03-02,4860.0,4860.0,4860.0,4860.0,17379360,3576,3,4860.0
2002-03-04,4860.0,4860.0,4860.0,4860.0,1594080,328,2,4860.0
2002-03-05,4860.0,4860.0,4860.0,4860.0,4184460,861,2,4860.0
2002-03-06,4860.0,4860.0,4860.0,4860.0,748440,154,1,4860.0
2002-03-12,4857.0,4860.0,4857.0,4860.0,19769992,4070,4,4860.0
2002-03-13,4861.0,4861.0,4861.0,4861.0,495822,102,1,4861.0
2002-03-16,4861.0,4861.0,4861.0,4861.0,2109674,434,2,4861.0
2002-03-17,4861.0,4861.0,4861.0,4861.0,408324,84,1,4861.0
2002-03-19,4861.0,4862.0,4861.0,4861.0,25277700,5200,5,4861.0
2002-04-08,4874.0,4874.0,4873.0,4874.0,15206427,3120,7,4874.0
2002-04-09,4874.0,4874.0,4874.0,4874.0,409416,84,1,4874.0
2002-04-13,4874.0,4874.0,4874.0,4874.0,1598672,328,2,4874.0
2002-04-14,4874.0,4874.0,4874.0,4874.0,2378512,488,2,4874.0
2002-04-21,4874.0,4874.0,4874.0,4874.0,1598672,328,1,4874.0
2002-04-23,4874.0,4874.0,4874.0,4874.0,3645752,748,2,4874.0
2002-05-04,4874.0,4950.0,4874.0,4950.0,12757102,2581,2,4950.0
2002-05-07,4950.0,4950.0,4950.0,4950.0,198000,40,2,4950.0
2002-05-08,4950.0,4950.0,4950.0,4950.0,4752000,960,1,4950.0
2002-05-12,4950.0,4950.0,4950.0,4950.0,6969600,1408,2,4950.0
2002-05-14,4950.0,4950.0,4950.0,4950.0,415800,84,1,4950.0
2002-05-15,4950.0,4950.0,4950.0,4950.0,1227600,248,2,4950.0
2002-05-18,4951.0,4951.0,4951.0,4951.0,415884,84,1,4951.0
2002-05-19,4957.0,4957.0,4957.0,4957.0,416388,84,1,4957.0
2002-05-21,4961.0,4961.0,4961.0,4961.0,416724,84,1,4961.0
2002-06-02,4996.0,4996.0,4996.0,4996.0,3327336,666,3,4996.0
2002-06-11,5031.0,5033.0,5031.0,5033.0,3300992,656,2,5033.0
2002-08-18,5032.0,5032.0,5032.0,5032.0,23509504,4672,3,5032.0
2002-08-19,5033.0,5033.0,5032.0,5033.0,2843180,565,3,5033.0
2002-08-20,5034.0,5034.0,5034.0,5034.0,1248432,248,1,5034.0
2002-08-21,5036.0,5036.0,5036.0,5036.0,55396000,11000,8,5036.0
2002-08-24,5037.0,5037.0,5036.0,5036.0,4351319,864,3,5036.0
2002-08-25,5036.0,5036.0,5036.0,5036.0,1671952,332,2,5036.0
2002-08-26,5036.0,5036.0,5036.0,5036.0,80968808,16078,6,5036.0
2002-08-27,5036.0,5036.0,5036.0,5036.0,1651808,328,1,5036.0
2002-09-02,5040.0,5040.0,5039.0,5039.0,1653047,328,3,5039.0
2002-09-22,5045.0,5045.0,5043.0,5043.0,817094,162,2,5043.0
2002-09-23,5043.0,5043.0,5043.0,5043.0,5043000,1000,2,5043.0
2002-09-25,5100.0,5100.0,5100.0,5100.0,25500000,5000,1,5100.0
2002-09-28,5355.0,5355.0,5355.0,5355.0,11781000,2200,1,5355.0
2002-10-06,5622.0,5622.0,5622.0,5622.0,28110000,5000,2,5622.0
2002-10-07,5623.0,5903.0,5622.0,5903.0,8646654,1488,3,5903.0
2002-10-08,6198.0,6198.0,6198.0,6198.0,3099000,500,1,6198.0
2002-10-09,6198.0,6198.0,6198.0,6198.0,6198000,1000,1,6198.0
2002-10-13,6200.0,6200.0,6200.0,6200.0,6200000,1000,1,6200.0
2002-10-14,6200.0,6510.0,6200.0,6510.0,15571400,2412,4,6510.0
2002-10-15,6835.0,6835.0,6835.0,6835.0,3991640,584,2,6835.0
2002-10-16,6835.0,6835.0,6835.0,6835.0,10115800,1480,2,6835.0
2002-10-19,6835.0,6835.0,6835.0,6835.0,11756200,1720,1,6835.0
2002-10-20,6836.0,6836.0,6835.0,6835.0,10471620,1532,3,6835.0
2002-10-21,7176.0,7176.0,7176.0,7176.0,7176000,1000,1,7176.0
2002-10-23,7355.0,7355.0,7179.0,7179.0,8790800,1200,2,7179.0
2002-10-26,7179.0,7358.0,7179.0,7179.0,21744716,3004,4,7179.0
2002-10-27,7179.0,7358.0,7179.0,7179.0,55058630,7585,4,7179.0
2002-10-28,7000.0,7000.0,7000.0,7000.0,140000000,20000,4,7000.0
2002-10-29,7175.0,7175.0,7000.0,7000.0,53987500,7700,7,7000.0
2002-11-04,6825.0,6825.0,6825.0,6825.0,40950000,6000,5,6825.0
2002-12-09,6655.0,6655.0,6655.0,6655.0,46585000,7000,1,6655.0
2002-12-25,6489.0,6489.0,6489.0,6489.0,6489000,1000,2,6489.0
2003-01-04,6326.0,6326.0,6326.0,6326.0,6326000,1000,1,6326.0
2003-01-05,6010.0,6010.0,6010.0,6010.0,6010000,1000,1,6010.0
2003-01-06,6008.0,6008.0,5900.0,5900.0,6891320,1165,2,5900.0
2003-01-07,5800.0,5800.0,5800.0,5800.0,5800000,1000,1,5800.0
2003-01-11,5766.0,5766.0,5650.0,5650.0,6134344,1084,2,5650.0
2003-01-12,5550.0,5550.0,5550.0,5550.0,5550000,1000,1,5550.0
2003-01-14,5450.0,5450.0,5300.0,5300.0,13450000,2500,4,5300.0
2003-02-22,5035.0,5035.0,5035.0,5035.0,5035000,1000,1,5035.0
2003-02-23,4784.0,4784.0,4784.0,4784.0,28900144,6041,9,4784.0
2003-02-25,4778.0,4779.0,4778.0,4779.0,8505424,1780,4,4779.0
2003-02-26,4779.0,4779.0,4779.0,4779.0,3536460,740,4,4779.0
2003-03-01,4779.0,4779.0,4779.0,4779.0,401436,84,1,4779.0
2003-03-02,4779.0,4779.0,4779.0,4779.0,19116000,4000,3,4779.0
2003-03-03,4779.0,4779.0,4779.0,4779.0,52569000,11000,8,4779.0
2003-03-05,4779.0,4779.0,4779.0,4779.0,802872,168,2,4779.0
2003-03-09,4779.0,4779.0,4779.0,4779.0,29304828,6132,2,4779.0
2003-03-10,4779.0,4779.0,4779.0,4779.0,802872,168,2,4779.0
2003-03-15,4779.0,5000.0,4779.0,5000.0,2010192,413,2,5000.0
2003-03-16,5249.0,5250.0,5249.0,5250.0,15224400,2900,3,5250.0
2003-03-17,5256.0,5400.0,5256.0,5400.0,18233568,3428,4,5400.0
2003-03-18,5600.0,5600.0,5600.0,5600.0,6720000,1200,6,5600.0
2003-03-19,5880.0,5880.0,5880.0,5880.0,7056000,1200,6,5880.0
2003-04-16,5880.0,5880.0,5880.0,5880.0,69948480,11896,7,5880.0
2003-04-26,5879.0,5880.0,5879.0,5880.0,30975520,5268,3,5880.0
2003-04-28,5880.0,5880.0,5880.0,5880.0,8820000,1500,2,5880.0
2003-04-29,5880.0,5880.0,5880.0,5880.0,8067360,1372,4,5880.0
2003-04-30,5880.0,5880.0,5880.0,5880.0,2916480,496,2,5880.0
2003-05-03,5880.0,5880.0,5880.0,5880.0,493920,84,1,5880.0
2003-05-04,5880.0,5880.0,5880.0,5880.0,1928640,328,1,5880.0
2003-05-05,5880.0,5880.0,5880.0,5880.0,493920,84,1,5880.0
2003-05-06,5880.0,5880.0,5880.0,5880.0,12936000,2200,1,5880.0
2003-05-07,5881.0,5881.0,5881.0,5881.0,11762000,2000,1,5881.0
2003-05-10,5881.0,5881.0,5881.0,5881.0,1952492,332,2,5881.0
2003-05-11,5899.0,5900.0,5899.0,5900.0,3870072,656,3,5900.0
2003-05-13,5899.0,5899.0,5899.0,5899.0,5899000,1000,1,5899.0
2003-05-14,5899.0,5899.0,5899.0,5899.0,495516,84,1,5899.0
2003-05-17,5899.0,5899.0,5899.0,5899.0,5899000,1000,1,5899.0
2003-05-18,5899.0,5899.0,5899.0,5899.0,11798000,2000,1,5899.0
2003-05-24,5899.0,5899.0,5899.0,5899.0,2878712,488,1,5899.0
2003-05-26,5899.0,5899.0,5899.0,5899.0,495516,84,1,5899.0
2003-05-28,5899.0,5899.0,5899.0,5899.0,1934872,328,1,5899.0
2003-05-31,5920.0,5920.0,5920.0,5920.0,11840000,2000,1,5920.0
2003-06-01,5920.0,5920.0,5920.0,5920.0,5920000,1000,1,5920.0
2003-06-02,5921.0,5921.0,5921.0,5921.0,2889448,488,1,5921.0
2003-06-08,5921.0,5921.0,5921.0,5921.0,2960500,500,1,5921.0
2003-06-09,5921.0,5921.0,5921.0,5921.0,30789200,5200,3,5921.0
2003-08-11,6100.0,6100.0,6100.0,6100.0,30500000,5000,1,6100.0
2003-08-23,6079.0,6100.0,6079.0,6100.0,607921,100,2,6100.0
2003-09-14,5795.0,6100.0,5795.0,6031.0,58599868,9717,24,6031.0
2004-02-14,3600.0,3600.0,3600.0,3600.0,7200000,2000,1,3600.0
2004-02-17,3600.0,3600.0,3600.0,3600.0,4147200,1152,7,3600.0
2004-02-18,3600.0,3600.0,3600.0,3600.0,302400,84,1,3600.0
2004-02-22,3600.0,3600.0,3600.0,3600.0,19202400,5334,1,3600.0
2004-02-29,3597.0,3600.0,3597.0,3599.0,7091738,1970,8,3599.0
2004-03-03,3600.0,3600.0,3599.0,3599.0,4341590,1206,2,3599.0
2004-03-09,3598.0,3598.0,3598.0,3598.0,35994392,10004,3,3598.0
2004-03-14,3597.0,3598.0,3597.0,3597.0,6972586,1938,7,3597.0
2004-03-27,3597.0,3597.0,3500.0,3500.0,175989175,50275,7,3500.0
2004-04-21,3477.0,3497.0,3477.0,3497.0,20245032,5803,5,3497.0
2004-04-26,3490.0,3494.0,3490.0,3494.0,34934940,10010,2,3494.0
2004-04-27,3550.0,3550.0,3506.0,3506.0,20164026,5683,7,3506.0
2004-04-28,3545.0,3549.0,3510.0,3510.0,10067867,2837,5,3510.0
2004-05-01,3549.0,3549.0,3510.0,3510.0,333216,94,2,3510.0
2004-05-03,3551.0,3551.0,3515.0,3515.0,12637230,3560,5,3515.0
2004-05-04,3549.0,3549.0,3516.0,3516.0,4336548,1222,4,3516.0
2004-05-08,3516.0,3516.0,3516.0,3516.0,2478780,705,1,3516.0
2004-05-09,3509.0,3515.0,3509.0,3515.0,1263300,360,2,3515.0
2004-05-10,3509.0,3514.0,3509.0,3514.0,824665,235,3,3514.0
2004-05-16,3497.0,3513.0,3497.0,3513.0,1794121,513,7,3513.0
2004-05-17,3500.0,3512.0,3500.0,3512.0,623120,178,3,3512.0
2004-05-18,3500.0,3511.0,3500.0,3511.0,329110,94,2,3511.0
2004-05-22,3497.0,3550.0,3497.0,3515.0,15895927,4499,5,3515.0
2004-05-23,3550.0,3550.0,3516.0,3516.0,3010060,848,2,3516.0
2004-05-24,3550.0,3550.0,3520.0,3520.0,11881550,3347,5,3520.0
2004-05-25,3550.0,3550.0,3520.0,3520.0,123950,35,2,3520.0
2004-06-22,3538.0,3716.0,3538.0,3619.0,6688198,1848,3,3619.0
2004-06-23,3799.0,3799.0,3550.0,3741.0,9585319175,2599580,266,3741.0
2004-06-26,3928.0,3928.0,3928.0,3928.0,235680000,60000,15,3928.0
2004-06-27,4124.0,4124.0,4124.0,4124.0,247786416,60084,9,4124.0
2004-07-12,4599.0,4997.0,3800.0,4075.0,4160935690,1020939,1240,4075.0
2004-07-13,4278.0,4278.0,4278.0,4278.0,1243118352,290584,52,4278.0
2004-07-14,4491.0,4491.0,4491.0,4491.0,179640000,40000,18,4491.0
2004-07-17,4715.0,4715.0,4715.0,4715.0,1414500000,300000,71,4715.0
2004-07-18,4950.0,4950.0,4950.0,4950.0,990000000,200000,60,4950.0
2004-07-19,5197.0,5197.0,5197.0,5197.0,1584248283,304839,101,5197.0
2004-07-20,5456.0,5456.0,5456.0,5456.0,1092574912,200252,71,5456.0
2004-07-24,5728.0,5728.0,5200.0,5719.0,20819915725,3640207,535,5719.0
2004-07-25,6004.0,6004.0,6004.0,6004.0,321009864,53466,17,6004.0
2004-07-26,6304.0,6304.0,6304.0,6304.0,1504865664,238716,86,6304.0
2004-07-27,6619.0,6619.0,6619.0,6619.0,7378914152,1114808,242,6619.0
2004-08-04,7350.0,8297.0,7100.0,7525.0,2524305868,335424,78,7525.0
2004-08-07,7201.0,7525.0,7149.0,7260.0,9297827132,1259080,99,7260.0
2004-08-08,6898.0,7000.0,6897.0,6901.0,2242106311,324886,107,6901.0
2004-08-09,7099.0,7200.0,7010.0,7159.0,563496726,78708,42,7159.0
2004-08-10,7180.0,7220.0,6802.0,7148.0,319931669,44752,34,7148.0
2004-08-11,7150.0,7150.0,6897.0,6952.0,266259835,38340,23,6952.0
2004-08-14,6885.0,6885.0,6605.0,6619.0,372437185,56265,18,6619.0
2004-08-15,6289.0,6289.0,6289.0,6289.0,253408966,40294,9,6289.0
2004-08-16,6170.0,6289.0,6000.0,6173.0,1289352020,208868,70,6173.0
2004-08-17,6276.0,6280.0,5967.0,6183.0,67164990,10809,9,6183.0
2004-08-18,5874.0,5874.0,5874.0,5874.0,234960000,40000,12,5874.0
2004-08-21,5601.0,5601.0,5581.0,5587.0,335305870,60010,7,5587.0
2004-08-22,5308.0,5315.0,5308.0,5312.0,230240186,43337,19,5312.0
2004-08-23,5047.0,5051.0,5047.0,5047.0,720879214,142823,32,5047.0
2004-08-24,5299.0,5299.0,5207.0,5207.0,136918799,25849,21,5207.0
2004-08-25,5308.0,5467.0,5308.0,5355.0,125278230,22918,9,5355.0
2004-08-28,5622.0,5622.0,5622.0,5622.0,449321484,79922,34,5622.0
2004-08-29,5500.0,5622.0,5341.0,5454.0,232223280,42571,18,5454.0
2004-08-31,5454.0,5500.0,5341.0,5429.0,224380948,41326,77,5429.0
2004-09-01,5429.0,5430.0,5427.0,5428.0,270358552,49806,24,5428.0
2004-09-04,5490.0,5699.0,5490.0,5677.0,315776495,55617,19,5677.0
2004-09-05,5960.0,5960.0,5776.0,5776.0,83986480,14092,8,5776.0
2004-09-06,6064.0,6064.0,6064.0,6064.0,585545904,96561,20,6064.0
2004-09-07,6367.0,6367.0,6069.0,6366.0,5927415992,949750,133,6366.0
2004-09-08,6684.0,6684.0,6684.0,6684.0,334200000,50000,11,6684.0
2004-09-11,7018.0,7018.0,7018.0,7018.0,351573728,50096,18,7018.0
2004-09-12,7368.0,7368.0,7368.0,7368.0,4693968600,637075,175,7368.0
2004-09-14,7736.0,7736.0,7350.0,7598.0,1640984379,215959,70,7598.0
2004-09-15,7598.0,7598.0,7300.0,7416.0,481144102,64875,37,7416.0
2004-09-18,7411.0,7598.0,7298.0,7406.0,883554491,119302,52,7406.0
2004-09-19,7406.0,7776.0,7390.0,7516.0,601761488,80055,34,7516.0
2004-09-20,7891.0,7891.0,7878.0,7887.0,1270637438,161098,57,7887.0
2004-09-21,7887.0,8281.0,7887.0,8007.0,192599979,23805,26,8007.0
2004-09-22,8407.0,8407.0,8007.0,8383.0,1509776150,180088,46,8383.0
2004-09-25,8386.0,8800.0,8383.0,8529.0,856909741,100469,37,8529.0
2004-09-26,8605.0,8605.0,8444.0,8529.0,307186076,36010,22,8529.0
2004-09-27,8525.0,8588.0,8400.0,8486.0,1424330575,167840,48,8486.0
2004-09-28,8576.0,8600.0,8390.0,8468.0,747788087,88302,41,8468.0
2004-09-29,8597.0,8600.0,8400.0,8575.0,1194201128,139259,66,8575.0
2004-10-02,8575.0,8650.0,8570.0,8596.0,203998196,23685,15,8596.0
2004-10-03,8536.0,8594.0,8530.0,8562.0,183741012,21528,10,8562.0
2004-10-04,8484.0,8596.0,8400.0,8521.0,1067032099,125222,44,8521.0
2004-10-05,8095.0,8487.0,8095.0,8132.0,1261379820,155105,42,8132.0
2004-10-06,8132.0,8496.0,8050.0,8184.0,260682490,31796,22,8184.0
2004-10-09,8189.0,8450.0,8189.0,8278.0,448573929,54185,23,8278.0
2004-10-10,8200.0,8450.0,8200.0,8305.0,158193620,18975,13,8305.0
2004-10-11,8303.0,8400.0,8303.0,8307.0,52035704,6254,13,8307.0
2004-10-12,8300.0,8306.0,8300.0,8306.0,5220760,629,4,8306.0
2004-10-13,8273.0,8305.0,8273.0,8305.0,496700,60,2,8305.0
2004-10-17,8097.0,8228.0,8097.0,8160.0,243471571,30010,24,8160.0
2004-10-31,7752.0,8134.0,7752.0,8134.0,19461340,2510,3,8134.0
2004-11-02,7728.0,8032.0,7728.0,8032.0,77360320,10010,4,8032.0
2004-11-03,7631.0,7931.0,7631.0,7931.0,76389310,10010,6,7931.0
2004-11-06,7535.0,7665.0,7535.0,7665.0,202376330,26858,22,7665.0
2004-11-07,7289.0,7728.0,7288.0,7530.0,551746862,73264,47,7530.0
2004-11-08,7530.0,7700.0,7530.0,7572.0,153431180,20150,8,7572.0
2004-11-09,7573.0,7605.0,7572.0,7579.0,108361588,14268,15,7579.0
2004-11-10,7605.0,7605.0,7579.0,7579.0,7680790,1010,4,7579.0
2004-11-13,7579.0,7579.0,7300.0,7571.0,23170346,3094,9,7571.0
2004-11-15,7579.0,7728.0,7303.0,7716.0,443851526,57519,21,7716.0
2004-11-16,7716.0,8070.0,7716.0,7765.0,52227160,6513,5,7765.0
2004-11-17,7750.0,8000.0,7750.0,7778.0,62160400,7933,10,7778.0
2004-11-20,7778.0,7778.0,7401.0,7776.0,62842056,8087,17,7776.0
2004-11-21,7950.0,7950.0,7755.0,7776.0,3982884,511,4,7776.0
2004-11-22,7940.0,7950.0,7860.0,7860.0,7268998545,920010,9,7860.0
2004-11-23,7950.0,8000.0,7889.0,7889.0,200745460,25386,13,7889.0
2004-11-24,7997.0,7999.0,7968.0,7968.0,1273989129,159270,9,7968.0
2004-11-28,7570.0,7950.0,7570.0,7593.0,2062284610,261276,16,7593.0
2004-11-29,7593.0,7960.0,7502.0,7738.0,464784108,60061,21,7738.0
2004-11-30,7980.0,7980.0,7745.0,7745.0,10079900,1265,3,7745.0
2004-12-01,7698.0,7700.0,7500.0,7655.0,151660546,20044,24,7655.0
2004-12-04,7500.0,7652.0,7500.0,7652.0,5431520,724,2,7652.0
2004-12-05,7497.0,7575.0,7497.0,7575.0,150040825,20010,25,7575.0
2004-12-06,7497.0,7497.0,7197.0,7454.0,100704355,13929,17,7454.0
2004-12-07,7201.0,7330.0,7190.0,7330.0,138491901,19238,15,7330.0
2004-12-11,7453.0,7500.0,7379.0,7379.0,112095120,15020,14,7379.0
2004-12-12,7720.0,7747.0,7720.0,7746.0,589163209,76052,24,7746.0
2004-12-13,7747.0,8000.0,7747.0,7997.0,450521752,56331,27,7997.0
2004-12-14,7989.0,7996.0,7982.0,7996.0,24834360,3110,7,7996.0
2004-12-15,7967.0,7995.0,7967.0,7995.0,7505194,942,3,7995.0
2004-12-18,7747.0,7967.0,7747.0,7898.0,124955311,16109,13,7898.0
2004-12-19,7964.0,7964.0,7898.0,7898.0,4305829,541,3,7898.0
2004-12-20,7933.0,7933.0,7800.0,7893.0,18296820,2340,4,7893.0
2004-12-21,7499.0,7920.0,7499.0,7878.0,56985522,7293,10,7878.0
2004-12-22,7875.0,7893.0,7870.0,7877.0,208404431,26457,16,7877.0
2004-12-25,7876.0,7877.0,7876.0,7876.0,39463680,5010,3,7876.0
2004-12-26,7849.0,7849.0,7601.0,7817.0,155428870,20030,12,7817.0
2004-12-27,7816.0,7820.0,7816.0,7817.0,156457096,20010,8,7817.0
2004-12-28,7880.0,7898.0,7430.0,7501.0,637565179,84992,19,7501.0
2004-12-29,7876.0,7876.0,7663.0,7663.0,153913941,19650,13,7663.0
2005-01-01,7800.0,7800.0,7691.0,7691.0,65074310,8343,6,7691.0
2005-01-02,7715.0,7901.0,7715.0,7733.0,72383334,9189,12,7733.0
2005-01-03,7901.0,8000.0,7794.0,7794.0,115145627,14572,13,7794.0
2005-01-04,7714.0,7791.0,7714.0,7791.0,69804527,8968,12,7791.0
2005-01-05,8000.0,8000.0,7791.0,7826.0,56060460,7013,6,7826.0
2005-01-08,7831.0,7831.0,7826.0,7826.0,119093778,15212,6,7826.0
2005-01-09,7820.0,7824.0,7818.0,7824.0,45696940,5845,8,7824.0
2005-01-11,7698.0,7800.0,7649.0,7731.0,263828237,34188,19,7731.0
2005-01-12,7700.0,7729.0,7700.0,7729.0,9994890,1298,4,7729.0
2005-01-16,7989.0,7990.0,7700.0,7843.0,1018218370,131523,12,7843.0
2005-01-17,7885.0,7885.0,7600.0,7799.0,58447035,7676,9,7799.0
2005-01-18,7600.0,7783.0,7600.0,7783.0,24086230,3169,3,7783.0
2005-01-23,7689.0,7900.0,7689.0,7757.0,192751327,24894,13,7757.0
2005-01-30,7637.0,7756.0,7637.0,7756.0,688520,90,2,7756.0
2005-02-01,7369.0,7840.0,7369.0,7417.0,541965936,73062,26,7417.0
2005-02-02,7787.0,7787.0,7425.0,7425.0,7619853,979,2,7425.0
2005-02-06,7058.0,7385.0,7057.0,7385.0,30310122,4294,7,7385.0
2005-02-07,7057.0,7400.0,7057.0,7332.0,294382059,40148,15,7332.0
2005-02-08,7425.0,7425.0,7332.0,7332.0,125295,17,2,7332.0
2005-02-09,7300.0,7640.0,7298.0,7367.0,173799749,23508,14,7367.0
2005-02-12,7400.0,7400.0,7367.0,7367.0,7384870,998,2,7367.0
2005-02-16,7358.0,7400.0,7358.0,7387.0,258753151,35010,17,7387.0
2005-02-23,7018.0,7370.0,7018.0,7327.0,226689754,31010,12,7327.0
2005-02-26,7000.0,7341.0,7000.0,7326.0,7396396,1010,5,7326.0
2005-02-27,7334.0,7400.0,7334.0,7348.0,235429919,32010,23,7348.0
2005-03-01,7346.0,7348.0,7346.0,7347.0,109396080,14890,5,7347.0
2005-03-02,7347.0,7348.0,7347.0,7347.0,183772657,25010,8,7347.0
2005-03-05,7326.0,7343.0,7320.0,7343.0,47683430,6510,3,7343.0
2005-03-06,7339.0,7680.0,7339.0,7345.0,190095007,25873,13,7345.0
2005-03-07,7345.0,7345.0,7345.0,7345.0,3084900,420,2,7345.0
2005-03-08,7318.0,7318.0,7200.0,7307.0,80369820,11145,6,7307.0
2005-03-09,7100.0,7100.0,7000.0,7089.0,221423890,31489,7,7089.0
2005-03-12,7100.0,7180.0,7000.0,7009.0,711312854,101481,26,7009.0
2005-03-14,7359.0,7359.0,7359.0,7359.0,298400091,40549,14,7359.0
2005-03-15,7726.0,7726.0,7300.0,7725.0,388613530,50300,21,7725.0
2005-03-16,7700.0,7950.0,7700.0,7888.0,453666380,57510,14,7888.0
2005-03-26,7788.0,7887.0,7788.0,7887.0,2057022,264,2,7887.0
2005-04-03,7800.0,7860.0,7800.0,7860.0,93678600,12010,3,7860.0
2005-07-03,7777.0,7800.0,6500.0,7782.0,674529560,86676,31,7782.0
2005-07-13,7500.0,7500.0,7500.0,7500.0,7500000,1000,1,7500.0
2005-07-16,7125.0,7486.0,7125.0,7486.0,10014235,1405,4,7486.0
2005-07-20,7112.0,7463.0,7112.0,7463.0,17129206,2408,6,7463.0
2005-07-31,7090.0,7440.0,7090.0,7440.0,17062040,2406,6,7440.0
2005-09-05,7068.0,7428.0,7068.0,7428.0,8555880,1210,3,7428.0
2005-09-06,7057.0,7057.0,7057.0,7057.0,599845000,85000,20,7057.0
2005-09-07,6705.0,7068.0,6705.0,6872.0,680645798,99035,51,6872.0
2005-09-10,6705.0,6872.0,6705.0,6855.0,62982415,9260,4,6855.0
2005-09-11,6856.0,6856.0,6855.0,6855.0,413612715,60333,9,6855.0
2005-09-12,6855.0,7100.0,6855.0,7070.0,398020155,56291,10,7070.0
2005-09-13,7000.0,7066.0,7000.0,7066.0,14070660,2010,2,7066.0
2005-09-14,7049.0,7062.0,6900.0,7062.0,38165320,5423,3,7062.0
2005-09-21,6900.0,7051.0,6900.0,7051.0,17548210,2543,2,7051.0
2005-09-24,6705.0,7042.0,6705.0,7042.0,6708370,1000,2,7042.0
2005-09-25,6994.0,7030.0,6994.0,6999.0,295432653,42210,19,6999.0
2005-09-27,7000.0,7000.0,6999.0,6999.0,888990,127,2,6999.0
2005-09-28,7050.0,7050.0,7050.0,7050.0,528750000,75000,9,7050.0
2005-10-02,7043.0,7106.0,7043.0,7056.0,68582620,9690,8,7056.0
2005-10-03,7063.0,7063.0,7056.0,7056.0,6934292,982,4,7056.0
2005-10-11,6876.0,7006.0,6876.0,7006.0,75809565,11022,7,7006.0
2005-10-15,6656.0,6972.0,6656.0,6972.0,25455704,3824,3,6972.0
2005-10-16,6889.0,7052.0,6889.0,6958.0,301184056,43286,11,6958.0
2005-10-17,6640.0,7000.0,6640.0,6969.0,148908410,21333,7,6969.0
2005-10-19,6969.0,6969.0,6969.0,6969.0,2299770,330,1,6969.0
2005-10-26,6936.0,6951.0,6936.0,6951.0,149213510,21510,4,6951.0
2005-11-05,6894.0,6894.0,6893.0,6893.0,393036728,57012,11,6893.0
2005-11-13,6756.0,6886.0,6756.0,6886.0,11999956,1776,2,6886.0
2005-11-15,6749.0,6851.0,6749.0,6851.0,67558510,10010,2,6851.0
2005-11-16,6714.0,6782.0,6714.0,6782.0,134347820,20010,16,6782.0
2005-11-20,6650.0,6712.0,6650.0,6711.0,145298610,21840,12,6711.0
2005-11-21,6600.0,6647.0,6578.0,6647.0,147169470,22307,9,6647.0
2005-11-22,6515.0,6628.0,6515.0,6628.0,39216280,6010,3,6628.0
2005-11-23,6628.0,6628.0,6500.0,6626.0,3979060,610,3,6626.0
2005-11-26,6900.0,6900.0,6500.0,6702.0,103892892,15218,12,6702.0
2005-11-29,6959.0,7000.0,6709.0,6709.0,8015890,1150,5,6709.0
2005-12-03,7000.0,7000.0,6711.0,6711.0,2903510,420,4,6711.0
2005-12-04,6713.0,6713.0,6711.0,6711.0,19062290,2840,4,6711.0
2005-12-05,6999.0,7046.0,6999.0,7023.0,272639932,38756,18,7023.0
2005-12-06,7099.0,7099.0,7028.0,7028.0,19428553,2737,3,7028.0
2005-12-28,6677.0,6996.0,6677.0,6996.0,23921324,3582,6,6996.0
2006-01-02,6647.0,6993.0,6647.0,6993.0,2263440,340,2,6993.0
2006-01-04,6644.0,6904.0,6644.0,6894.0,78206968,11747,12,6894.0
2006-01-08,6645.0,6802.0,6570.0,6802.0,75434535,11472,6,6802.0
2006-01-09,6550.0,6798.0,6550.0,6798.0,3644280,556,2,6798.0
2006-01-14,6798.0,6798.0,6798.0,6798.0,679800,100,1,6798.0
2006-01-18,6459.0,6757.0,6459.0,6757.0,30586345,4735,3,6757.0
2006-01-23,6423.0,6738.0,6422.0,6738.0,14132560,2200,6,6738.0
2006-01-25,6402.0,6679.0,6402.0,6679.0,44880790,7010,3,6679.0
2006-01-28,6402.0,6518.0,6402.0,6518.0,148207460,23150,5,6518.0
2006-01-29,6250.0,6504.0,6250.0,6504.0,12565040,2010,2,6504.0
2006-02-01,6504.0,6504.0,6179.0,6423.0,62207980,10060,5,6423.0
2006-02-04,6103.0,6364.0,6103.0,6364.0,44450759,7283,3,6364.0
2006-02-07,6109.0,6355.0,6048.0,6355.0,8295502,1359,4,6355.0
2006-02-13,6038.0,6347.0,6038.0,6347.0,6101470,1010,2,6347.0
2006-02-20,6221.0,6347.0,6221.0,6347.0,2047969,329,2,6347.0
2006-02-22,6221.0,6343.0,6221.0,6343.0,6645248,1068,5,6343.0
2006-02-25,6221.0,6336.0,6221.0,6336.0,12505360,2010,4,6336.0
2006-02-27,6221.0,6462.0,6221.0,6224.0,969292126,155724,43,6224.0
2006-02-28,6348.0,6348.0,6226.0,6305.0,198716770,31400,12,6305.0
2006-03-01,6281.0,6305.0,6280.0,6300.0,60064611,9556,7,6300.0
2006-03-04,6174.0,6201.0,6174.0,6201.0,197756370,32010,9,6201.0
2006-03-05,6300.0,6325.0,6208.0,6208.0,17978380,2850,5,6208.0
2006-03-06,6220.0,6230.0,6208.0,6208.0,5430440,873,3,6208.0
2006-03-08,6332.0,6332.0,6209.0,6209.0,4133566,653,4,6209.0
2006-03-11,6085.0,6322.0,6085.0,6217.0,42387618,6770,7,6217.0
2006-03-13,6322.0,6322.0,6217.0,6217.0,1168354,187,2,6217.0
2006-03-14,6218.0,6218.0,6217.0,6217.0,4693955,755,3,6217.0
2006-03-15,6217.0,7148.0,6217.0,6283.0,36647531827,5129650,12,6283.0
2006-03-19,6408.0,6408.0,6284.0,6284.0,3266840,510,2,6284.0
2006-03-26,6409.0,6409.0,6285.0,6285.0,3562164,556,2,6285.0
2006-03-27,6410.0,6410.0,6285.0,6285.0,1043580,163,3,6285.0
2006-04-03,6410.0,6410.0,6292.0,6292.0,16087920,2510,3,6292.0
2006-04-04,6409.0,6409.0,6250.0,6291.0,6505180,1040,3,6291.0
2006-04-05,6200.0,6287.0,6200.0,6287.0,8747270,1410,3,6287.0
2006-04-08,6210.0,6279.0,6201.0,6279.0,25563000,4115,6,6279.0
2006-04-09,6215.0,6278.0,6215.0,6278.0,1050965,169,2,6278.0
2006-04-10,6303.0,6303.0,6278.0,6278.0,3333703,529,3,6278.0
2006-04-11,6403.0,6403.0,6283.0,6283.0,11556215,1805,3,6283.0
2006-04-17,6408.0,6408.0,6284.0,6284.0,3561608,556,2,6284.0
2006-04-22,6409.0,6409.0,6290.0,6290.0,13291076,2074,4,6290.0
2006-04-23,6415.0,6415.0,6293.0,6293.0,6901320,1076,4,6293.0
2006-04-24,6418.0,6418.0,6293.0,6293.0,961450,150,2,6293.0
2006-04-26,6418.0,6418.0,6360.0,6360.0,138050600,21510,10,6360.0
2006-04-29,6487.0,6487.0,6363.0,6363.0,6550630,1010,2,6363.0
2006-04-30,6490.0,6490.0,6363.0,6363.0,972230,150,2,6363.0
2006-05-01,6490.0,6490.0,6368.0,6368.0,12044220,1856,3,6368.0
2006-05-02,6495.0,6495.0,6371.0,6371.0,6558710,1010,2,6371.0
2006-05-06,6498.0,6498.0,6374.0,6374.0,7471460,1150,4,6374.0
2006-05-07,6501.0,6501.0,6383.0,6383.0,19690349,3029,6,6383.0
2006-05-08,6510.0,6510.0,6386.0,6386.0,6573860,1010,3,6386.0
2006-05-10,6513.0,6513.0,6389.0,6389.0,6576890,1010,2,6389.0
2006-05-13,6516.0,6516.0,6412.0,6412.0,48934120,7510,4,6412.0
2006-05-14,6540.0,6540.0,6418.0,6418.0,13144180,2010,3,6418.0
2006-05-15,6546.0,6546.0,6424.0,6424.0,13156240,2010,2,6424.0
2006-05-16,6552.0,6552.0,6427.0,6427.0,7140430,1090,4,6427.0
2006-05-17,6555.0,6555.0,6430.0,6430.0,6619300,1010,4,6430.0
2006-05-20,6558.0,6558.0,6435.0,6435.0,10399758,1586,3,6435.0
2006-05-21,6563.0,6563.0,6435.0,6435.0,1639470,250,3,6435.0
2006-05-22,6563.0,6563.0,6438.0,6438.0,7460881,1137,9,6438.0
2006-05-23,6566.0,6566.0,6563.0,6565.0,3126846904,476221,76,6565.0
2006-05-24,6696.0,6696.0,6696.0,6696.0,669600000,100000,36,6696.0
2006-05-27,6829.0,6829.0,6829.0,6829.0,273160000,40000,10,6829.0
2006-05-28,6965.0,6965.0,6965.0,6965.0,5830812435,837159,185,6965.0
2006-05-29,7104.0,7104.0,7089.0,7103.0,4568893661,643199,137,7103.0
2006-05-30,7200.0,7245.0,7103.0,7221.0,585380476,81062,40,7221.0
2006-05-31,7359.0,7359.0,7230.0,7230.0,74103351,10209,14,7230.0
2006-06-03,7230.0,7235.0,7230.0,7231.0,148301160,20505,7,7231.0
2006-06-06,7231.0,7231.0,7231.0,7231.0,61781664,8544,6,7231.0
2006-06-07,7235.0,7270.0,7200.0,7230.0,60065630,8307,14,7230.0
2006-06-10,7260.0,7300.0,7242.0,7272.0,426037893,58581,23,7272.0
2006-06-11,7272.0,7300.0,7236.0,7279.0,186534641,25609,9,7279.0
2006-06-12,7423.0,7424.0,7292.0,7292.0,29103561,3921,5,7292.0
2006-06-13,7300.0,7400.0,7300.0,7306.0,46410320,6285,6,7306.0
2006-06-14,7444.0,7452.0,7444.0,7450.0,456035448,61209,13,7450.0
2006-06-17,7599.0,7599.0,7500.0,7522.0,155902395,20535,11,7522.0
2006-06-18,7522.0,7522.0,7410.0,7521.0,17824967324,2405447,4,7521.0
2006-06-19,7420.0,7671.0,7420.0,7545.0,706744517,93660,15,7545.0
2006-06-20,7695.0,7695.0,7695.0,7695.0,675359370,87766,37,7695.0
2006-06-21,7847.0,7848.0,7839.0,7847.0,813096584,103617,40,7847.0
2006-06-24,7999.0,8003.0,7999.0,8002.0,484486770,60541,47,8002.0
2006-06-25,8162.0,8162.0,7902.0,8146.0,622990816,76478,40,8146.0
2006-06-26,8000.0,8168.0,8000.0,8071.0,696770964,86325,36,8071.0
2006-06-27,8071.0,8145.0,8000.0,8059.0,1298034809,161060,68,8059.0
2006-06-28,8060.0,8130.0,7898.0,7964.0,531283155,66707,48,7964.0
2006-07-01,8000.0,8123.0,7920.0,8046.0,1296836090,161160,44,8046.0
2006-07-02,8046.0,8046.0,7886.0,7898.0,336719267,42631,23,7898.0
2006-07-03,8000.0,8055.0,7750.0,7952.0,2327022190,292610,71,7952.0
2006-09-04,9525.0,10000.0,9002.0,9639.0,6943106232,720291,219,9639.0
2006-09-05,9831.0,9831.0,9831.0,9831.0,393240000,40000,15,9831.0
2006-09-06,10027.0,10027.0,10027.0,10027.0,3256228142,324746,128,10027.0
2006-09-10,10227.0,10227.0,10057.0,10057.0,62086417,6071,6,10057.0
2006-09-11,10258.0,10258.0,10258.0,10258.0,2741932626,267297,82,10258.0
2006-09-12,10463.0,10463.0,10463.0,10463.0,10639845626,1016902,107,10463.0
2006-09-13,10672.0,10672.0,10466.0,10466.0,7575060,710,3,10466.0
2006-09-16,10675.0,10675.0,10675.0,10675.0,486651900,45588,25,10675.0
2006-09-17,10888.0,10888.0,10883.0,10883.0,425611870,39090,20,10883.0
2006-09-18,11100.0,11100.0,10869.0,11068.0,3406661111,307790,127,11068.0
2006-09-19,11000.0,11194.0,10847.0,10986.0,237041390,21710,20,10986.0
2006-09-20,10767.0,11000.0,10767.0,10835.0,1842944692,170086,99,10835.0
2006-09-23,10851.0,10851.0,10619.0,10627.0,839729796,79013,24,10627.0
2006-09-24,10415.0,10542.0,10415.0,10542.0,166745420,16010,12,10542.0
2006-09-25,10332.0,10542.0,10332.0,10542.0,5075112,491,2,10542.0
2006-09-26,10332.0,10332.0,10332.0,10332.0,444276000,43000,25,10332.0
2006-09-27,10126.0,10538.0,10126.0,10279.0,952878519,92700,55,10279.0
2006-09-30,10479.0,10484.0,10077.0,10226.0,284727122,27903,26,10226.0
2006-10-01,10182.0,10182.0,10022.0,10023.0,926296608,92410,41,10023.0
2006-10-02,10000.0,10190.0,9906.0,10016.0,867903949,86645,42,10016.0
2006-10-04,9816.0,10011.0,9816.0,9940.0,278542650,28110,19,9940.0
2006-10-07,9744.0,9939.0,9744.0,9939.0,1463550,150,2,9939.0
2006-10-08,9741.0,9780.0,9741.0,9780.0,312759677,32107,14,9780.0
2006-10-09,9585.0,9700.0,9585.0,9596.0,662872586,69077,35,9596.0
2006-10-11,9450.0,9578.0,9450.0,9578.0,47345780,5010,4,9578.0
2006-10-14,9387.0,9557.0,9387.0,9557.0,40619249,4327,5,9557.0
2006-10-16,9366.0,9506.0,9366.0,9506.0,99749300,10650,7,9506.0
2006-10-17,9366.0,9403.0,9316.0,9403.0,204895148,21987,12,9403.0
2006-10-18,9215.0,9215.0,9215.0,9215.0,778031665,84431,23,9215.0
2006-10-21,9215.0,9270.0,9213.0,9223.0,383239308,41552,18,9223.0
2006-10-22,9407.0,9407.0,9277.0,9277.0,120957007,12878,11,9277.0
2006-10-23,9462.0,9462.0,9462.0,9462.0,513218880,54240,8,9462.0
2006-10-28,9651.0,9651.0,9649.0,9650.0,477004194,49426,24,9650.0
2006-10-29,9843.0,9843.0,9834.0,9842.0,503047448,51109,19,9842.0
2006-10-30,9851.0,9851.0,9842.0,9842.0,23069104,2342,3,9842.0
2006-10-31,9842.0,9842.0,9842.0,9842.0,2362080,240,1,9842.0
2006-11-01,9763.0,9763.0,9664.0,9690.0,799598199,82514,31,9690.0
2006-11-04,9499.0,9499.0,9498.0,9498.0,398671060,41970,8,9498.0
2006-11-05,9497.0,9498.0,9497.0,9498.0,27930687,2941,3,9498.0
2006-11-11,9498.0,9500.0,9498.0,9498.0,8643380,910,5,9498.0
2006-11-13,9310.0,9391.0,9309.0,9391.0,213057457,22881,14,9391.0
2006-11-14,9314.0,9377.0,9206.0,9377.0,60132612,6463,4,9377.0
2006-11-18,9192.0,9192.0,9190.0,9190.0,645342610,70219,23,9190.0
2006-11-19,9190.0,9190.0,9190.0,9190.0,12866000,1400,2,9190.0
2006-11-20,9189.0,9190.0,9177.0,9188.0,219766437,23923,11,9188.0
2006-11-22,9023.0,9123.0,9021.0,9123.0,140383450,15560,6,9123.0
2006-11-25,9121.0,9123.0,9100.0,9122.0,105211114,11534,6,9122.0
2006-11-26,9010.0,9190.0,9009.0,9051.0,353603841,39073,19,9051.0
2006-11-27,9200.0,9232.0,9059.0,9059.0,21308900,2318,8,9059.0
2006-11-28,9058.0,9240.0,9058.0,9064.0,20761130,2270,5,9064.0
2006-11-29,9245.0,9245.0,9076.0,9076.0,24368130,2636,3,9076.0
2006-12-03,9076.0,9250.0,9076.0,9078.0,273789316,30159,12,9078.0
2006-12-04,9259.0,9259.0,9079.0,9084.0,212469035,23377,8,9084.0
2006-12-05,9113.0,9113.0,9085.0,9085.0,20785547,2283,4,9085.0
2006-12-06,9265.0,9265.0,9126.0,9126.0,84291580,9098,8,9126.0
2006-12-09,9308.0,9308.0,9172.0,9172.0,93171720,10010,4,9172.0
2006-12-10,9355.0,9355.0,9355.0,9355.0,2198425000,235000,47,9355.0
2006-12-11,9542.0,9542.0,9387.0,9387.0,65466112,6861,10,9387.0
2006-12-12,9387.0,9387.0,9200.0,9200.0,400791457,43560,12,9200.0
2006-12-13,9200.0,9200.0,9200.0,9200.0,62008000,6740,7,9200.0
2006-12-16,9210.0,9212.0,9200.0,9203.0,257087534,27928,17,9203.0
2006-12-17,9200.0,9300.0,9200.0,9263.0,273533386,29460,13,9263.0
2006-12-18,9400.0,9400.0,9263.0,9338.0,1787138505,191375,33,9338.0
2006-12-19,9339.0,9339.0,9338.0,9338.0,18677000,2000,3,9338.0
2006-12-20,9520.0,9524.0,9333.0,9461.0,254184737,26694,10,9461.0
2006-12-24,9300.0,9457.0,9272.0,9457.0,7551498,814,4,9457.0
2006-12-25,9400.0,9400.0,9268.0,9384.0,142433104,15368,8,9384.0
2006-12-30,9197.0,9381.0,9197.0,9381.0,5060190,550,2,9381.0
2007-01-22,9194.0,9376.0,9194.0,9376.0,9287760,1010,2,9376.0
2007-01-23,9189.0,9373.0,9189.0,9373.0,5064979,551,2,9373.0
2007-02-05,9186.0,9370.0,9186.0,9370.0,5054140,550,3,9370.0
2007-02-12,9183.0,9370.0,9183.0,9370.0,773242,84,2,9370.0
2007-02-18,9183.0,9358.0,9183.0,9358.0,24272419,2643,3,9358.0
2007-02-21,9171.0,9350.0,9171.0,9181.0,2425586534,260513,40,9181.0
2007-02-24,9140.0,9364.0,9140.0,9339.0,2339580822,250132,14,9339.0
2007-02-28,9153.0,9212.0,9153.0,9212.0,12178213538,1330516,10,9212.0
2007-03-11,9028.0,9179.0,9028.0,9179.0,65255894,7228,7,9179.0
2007-03-14,9179.0,9179.0,9179.0,9179.0,1835800,200,1,9179.0
2007-03-17,8996.0,9124.0,8996.0,9124.0,108043240,12010,4,9124.0
2007-03-19,8951.0,9121.0,8942.0,9121.0,5671918,634,3,9121.0
2007-04-29,5260.0,5300.0,5250.0,5251.0,272253080,51840,15,5251.0
2007-04-30,5356.0,5356.0,5355.0,5355.0,649720638,121308,39,5355.0
2007-05-01,5462.0,5462.0,5453.0,5453.0,200793954,36762,25,5453.0
2007-05-02,5562.0,5562.0,5464.0,5560.0,730747416,131416,53,5560.0
2007-05-05,5449.0,5547.0,5449.0,5547.0,25120870,4610,2,5547.0
2007-05-06,5437.0,5533.0,5437.0,5533.0,26876051,4943,4,5533.0
2007-05-07,5423.0,5533.0,5423.0,5533.0,1009778,186,3,5533.0
2007-05-12,5423.0,5530.0,5423.0,5530.0,5478300,1010,2,5530.0
2007-05-13,5420.0,5530.0,5420.0,5530.0,1215180,224,3,5530.0
2007-05-14,5420.0,5479.0,5420.0,5479.0,100980610,18631,7,5479.0
2007-05-16,5370.0,5425.0,5370.0,5425.0,107454250,20010,14,5425.0
2007-05-19,5317.0,5416.0,5317.0,5416.0,18482882,3476,2,5416.0
2007-05-20,5308.0,5386.0,5308.0,5386.0,58102148,10946,4,5386.0
2007-05-21,5279.0,5302.0,5279.0,5302.0,164947864,31246,20,5302.0
2007-05-22,5196.0,5302.0,5196.0,5301.0,9901550,1875,4,5301.0
2007-05-28,5299.0,5299.0,5195.0,5274.0,53062540,10210,10,5274.0
2007-05-29,5200.0,5272.0,5200.0,5272.0,5148720,990,3,5272.0
2007-06-02,5167.0,5272.0,5167.0,5272.0,311070,60,2,5272.0
2007-06-03,5167.0,5272.0,5167.0,5272.0,311070,60,2,5272.0
2007-06-06,5167.0,5272.0,5167.0,5272.0,197396,38,2,5272.0
2007-06-09,5167.0,5249.0,5167.0,5249.0,44886549,8687,4,5249.0
2007-06-13,5145.0,5249.0,5145.0,5249.0,1045475,203,2,5249.0
2007-06-24,5145.0,5249.0,5145.0,5249.0,824240,160,3,5249.0
2007-06-25,5145.0,5229.0,5145.0,5229.0,40337640,7840,5,5229.0
2007-06-26,5125.0,5228.0,5125.0,5228.0,1589780,310,2,5228.0
2007-07-01,5124.0,5179.0,5124.0,5179.0,98705237,19255,12,5179.0
2007-07-02,5129.0,5174.0,5129.0,5174.0,20054840,3910,3,5174.0
2007-07-03,5133.0,5168.0,5133.0,5168.0,31362980,6110,2,5168.0
2007-07-04,5168.0,5168.0,5070.0,5149.0,326415837,63385,21,5149.0
2007-09-16,4997.0,7000.0,4050.0,4841.0,927331403,191539,53,4841.0
2007-09-17,4745.0,4839.0,4745.0,4839.0,4437515,935,4,4839.0
2007-09-22,4743.0,4837.0,4743.0,4837.0,7011094,1478,2,4837.0
2007-09-23,4741.0,4833.0,4741.0,4833.0,14958775,3155,4,4833.0
2007-09-24,4737.0,4794.0,4737.0,4794.0,152105640,32110,8,4794.0
2007-09-26,4699.0,4794.0,4699.0,4794.0,1034730,220,2,4794.0
2007-10-02,4699.0,4699.0,4699.0,4699.0,681355,145,1,4699.0
2007-10-06,4606.0,4606.0,4606.0,4606.0,4606000,1000,1,4606.0
2007-10-07,4514.0,4514.0,4514.0,4514.0,4514000,1000,1,4514.0
2007-10-08,4424.0,4424.0,4424.0,4424.0,4424000,1000,1,4424.0
2007-10-16,4336.0,4336.0,4336.0,4336.0,4834640,1115,2,4336.0
2007-10-28,4250.0,4336.0,4250.0,4336.0,2002610,471,4,4336.0
2007-10-31,4250.0,4336.0,4250.0,4336.0,625610,147,2,4336.0
2007-11-10,4250.0,4250.0,4250.0,4250.0,425000,100,1,4250.0
2007-11-11,4165.0,4247.0,4165.0,4247.0,10392495,2495,3,4247.0
2007-11-12,4163.0,4163.0,4163.0,4163.0,832600,200,1,4163.0
2007-11-13,4080.0,4080.0,4080.0,4080.0,2040000,500,1,4080.0
2007-11-14,3999.0,3999.0,3999.0,3999.0,9937515,2485,1,3999.0
2007-11-17,3920.0,3920.0,3920.0,3920.0,1960000,500,1,3920.0
2007-11-18,3842.0,3842.0,3842.0,3842.0,384200,100,1,3842.0
2007-11-19,3766.0,3842.0,3766.0,3842.0,415020,110,2,3842.0
2007-11-20,3766.0,3766.0,3766.0,3766.0,376600,100,1,3766.0
2007-11-21,3691.0,3691.0,3691.0,3691.0,369100,100,1,3691.0
2007-11-24,3618.0,3618.0,3618.0,3618.0,144720000,40000,9,3618.0
2007-11-28,3546.0,3617.0,3546.0,3617.0,3582170,1010,2,3617.0
2007-12-01,3545.0,3615.0,3545.0,3615.0,8615050,2430,4,3615.0
2007-12-02,3543.0,3613.0,3543.0,3613.0,7122130,2010,2,3613.0
2007-12-03,3541.0,3611.0,3541.0,3611.0,7118110,2010,2,3611.0
2007-12-04,3539.0,3610.0,3539.0,3610.0,3575100,1010,2,3610.0
2007-12-05,3538.0,3606.0,3538.0,3606.0,17729598,5011,5,3606.0
2007-12-08,3534.0,3604.0,3534.0,3604.0,7104040,2010,2,3604.0
2007-12-09,3532.0,3532.0,3532.0,3532.0,73942420,20935,5,3532.0
2007-12-10,3462.0,3496.0,3462.0,3496.0,71262148,20584,8,3496.0
2007-12-11,3427.0,3446.0,3427.0,3446.0,99533978,29044,4,3446.0
2007-12-12,3378.0,3431.0,3378.0,3431.0,29882318,8846,2,3431.0
2007-12-17,3378.0,3429.0,3378.0,3429.0,5006706,1482,4,3429.0
2007-12-23,3361.0,3361.0,3361.0,3361.0,5186046527,1543007,36,3361.0
2007-12-25,3300.0,3317.0,3300.0,3317.0,95992690,29085,18,3317.0
2007-12-26,3317.0,3360.0,3317.0,3328.0,71840268,21524,7,3328.0
2007-12-30,3394.0,3394.0,3346.0,3346.0,37367460,11010,6,3346.0
2008-01-01,3412.0,3412.0,3360.0,3360.0,28244016,8278,4,3360.0
2008-01-02,3427.0,3427.0,3427.0,3427.0,3207672000,936000,98,3427.0
2008-01-06,3495.0,3495.0,3432.0,3432.0,10519320,3010,2,3432.0
2008-01-08,3500.0,3500.0,3441.0,3441.0,17534410,5010,3,3441.0
2008-01-13,3509.0,3509.0,3442.0,3442.0,2518792,718,2,3442.0
2008-01-14,3510.0,3510.0,3473.0,3473.0,64151900,18277,4,3473.0
2008-01-15,3542.0,3542.0,3491.0,3491.0,74190222,20946,13,3491.0
2008-01-16,3560.0,3560.0,3526.0,3526.0,1233458797,346749,21,3526.0
2008-01-20,3596.0,3596.0,3532.0,3532.0,23999064,6674,4,3532.0
2008-01-21,3602.0,3602.0,3529.0,3540.0,40959308,11414,8,3540.0
2008-01-22,3602.0,3602.0,3540.0,3543.0,38074108,10694,8,3543.0
2008-01-23,3500.0,3540.0,3500.0,3540.0,17535400,5010,2,3540.0
2008-01-26,3480.0,3496.0,3480.0,3496.0,202615747,58221,12,3496.0
2008-01-27,3431.0,3495.0,3431.0,3495.0,2695895,785,3,3495.0
2008-01-28,3494.0,3494.0,3426.0,3491.0,15758398,4593,6,3491.0
2008-01-29,3422.0,3491.0,3422.0,3491.0,886988,259,2,3491.0
2008-01-30,3492.0,3560.0,3491.0,3491.0,7868794627,2252139,22,3491.0
2008-02-02,3422.0,3488.0,3422.0,3488.0,11960550,3495,4,3488.0
2008-02-04,3419.0,3488.0,3419.0,3488.0,161383,47,4,3488.0
2008-02-05,3419.0,3484.0,3419.0,3484.0,14394640,4210,3,3484.0
2008-02-16,3415.0,3483.0,3415.0,3483.0,5007070,1466,2,3483.0
2008-02-17,3414.0,3483.0,3414.0,3483.0,1912530,560,3,3483.0
2008-02-18,3414.0,3478.0,3414.0,3478.0,19931572,5838,2,3478.0
2008-02-24,3409.0,3478.0,3409.0,3478.0,205230,60,2,3478.0
2008-02-25,3409.0,3478.0,3409.0,3478.0,1773370,520,4,3478.0
2008-02-27,3409.0,3478.0,3409.0,3478.0,375680,110,2,3478.0
2008-03-01,3409.0,3478.0,3409.0,3478.0,1009754,296,2,3478.0
2008-03-04,3409.0,3409.0,3409.0,3409.0,340900,100,1,3409.0
2008-04-14,2910.0,3010.0,2815.0,2949.0,408882359,138636,65,2949.0
2008-04-15,2891.0,3007.0,2891.0,2950.0,328291329,111273,29,2950.0
2008-04-16,2897.0,2901.0,2896.0,2901.0,211423010,73005,14,2901.0
2008-04-20,2901.0,2901.0,2845.0,2887.0,932545249,321839,8,2887.0
2008-04-21,2887.0,2887.0,2831.0,2885.0,31922360,11106,12,2885.0
2008-04-22,2885.0,2890.0,2885.0,2885.0,97776580,33882,11,2885.0
2008-04-23,2890.0,2890.0,2859.0,2865.0,194965653,68120,23,2865.0
2008-04-26,2835.0,2860.0,2831.0,2857.0,184300970,64545,17,2857.0
2008-04-27,2910.0,2910.0,2863.0,2863.0,30589500,10537,8,2863.0
2008-04-28,2912.0,2914.0,2865.0,2886.0,1915599074,667987,16,2886.0
2008-04-29,2943.0,2943.0,2887.0,2887.0,3383890,1150,3,2887.0
2008-05-04,2944.0,2944.0,2909.0,2909.0,89579682,30428,12,2909.0
2008-05-11,2996.0,2996.0,2919.0,2919.0,26993190,9010,8,2919.0
2008-05-12,3006.0,3006.0,2864.0,2961.0,178755052,60072,30,2961.0
2008-05-13,3000.0,3033.0,2880.0,2936.0,108085910,37160,14,2936.0
2008-05-14,2936.0,2936.0,2900.0,2935.0,53217736,18144,13,2935.0
2008-05-17,2900.0,2930.0,2880.0,2930.0,23373780,8091,6,2930.0
2008-05-18,2930.0,2930.0,2930.0,2930.0,19894700,6790,2,2930.0
2008-05-19,2930.0,2930.0,2930.0,2930.0,24216450,8265,2,2930.0
2008-05-21,2929.0,2930.0,2929.0,2930.0,38085911,13000,7,2930.0
2008-05-24,2910.0,2930.0,2910.0,2928.0,22761970,7818,7,2928.0
2008-05-25,3014.0,3015.0,2994.0,2994.0,184773220,61292,14,2994.0
2008-05-26,3083.0,3083.0,3015.0,3015.0,57003990,18490,8,3015.0
2008-06-01,3105.0,3105.0,3105.0,3105.0,248400000,80000,23,3105.0
2008-06-02,3198.0,3198.0,3106.0,3106.0,3523276,1102,2,3106.0
2008-06-10,3199.0,3199.0,3199.0,3199.0,287906801,89999,21,3199.0
2008-06-11,3294.0,3294.0,3294.0,3294.0,263520000,80000,21,3294.0
2008-06-15,3392.0,3392.0,3300.0,3300.0,16993000,5010,2,3300.0
2008-06-16,3399.0,3399.0,3302.0,3302.0,5131520,1510,2,3302.0
2008-06-17,3401.0,3401.0,3312.0,3312.0,28404262,8352,4,3312.0
2008-06-18,3411.0,3411.0,3326.0,3326.0,37868072,11102,5,3326.0
2008-06-21,3425.0,3425.0,3333.0,3333.0,20583330,6010,3,3333.0
2008-06-22,3432.0,3432.0,3414.0,3414.0,223779948,65204,16,3414.0
2008-06-25,4000.0,4400.0,3721.0,3878.0,693420057,178766,61,3878.0
2008-06-28,3850.0,3972.0,3763.0,3838.0,356501396,92865,42,3838.0
2008-06-29,3860.0,3953.0,3723.0,3831.0,1116132384,291334,100,3831.0
2008-07-06,3758.0,3831.0,3501.0,3769.0,50973786,13522,7,3769.0
2008-07-07,3656.0,3712.0,3656.0,3712.0,148105120,40510,10,3712.0
2008-07-08,3601.0,3655.0,3601.0,3603.0,386667251,107310,36,3603.0
2008-07-09,3601.0,3602.0,3495.0,3584.0,56367108,16060,9,3584.0
2008-07-12,3584.0,3584.0,3477.0,3545.0,107344872,30822,13,3545.0
2008-07-13,3440.0,3538.0,3439.0,3538.0,17232173,5010,3,3538.0
2008-07-14,3538.0,3538.0,3432.0,3433.0,425285864,123853,30,3433.0
2008-07-19,3535.0,3535.0,3449.0,3449.0,43405405,12279,6,3449.0
2008-07-20,3449.0,3449.0,3449.0,3449.0,7932700,2300,1,3449.0
2008-07-21,3449.0,3449.0,3449.0,3449.0,13082057,3793,2,3449.0
2008-07-22,3346.0,3449.0,3346.0,3449.0,787340,235,2,3449.0
2008-07-26,3347.0,3449.0,3347.0,3448.0,36238144,10522,4,3448.0
2008-07-27,3346.0,3426.0,3345.0,3426.0,56909260,17010,5,3426.0
2008-07-28,3325.0,3398.0,3324.0,3398.0,73162980,22010,12,3398.0
2008-07-29,3297.0,3392.0,3297.0,3392.0,16518920,5010,2,3392.0
2008-08-02,3291.0,3325.0,3291.0,3325.0,174812641,53111,20,3325.0
2008-08-04,3392.0,3424.0,3226.0,3313.0,374218536,112952,27,3313.0
2008-08-05,3315.0,3316.0,3313.0,3313.0,26549995,8010,6,3313.0
2008-08-06,3314.0,3324.0,3260.0,3303.0,149976410,45505,10,3303.0
2008-08-09,3380.0,3380.0,3246.0,3345.0,157151050,46550,15,3345.0
2008-08-10,3330.0,3331.0,3245.0,3266.0,259553857,79489,24,3266.0
2008-08-11,3360.0,3363.0,3284.0,3284.0,50325984,14967,11,3284.0
2008-09-16,2501.0,2997.0,2500.0,2522.0,129994923,51543,15,2522.0
2008-09-17,2522.0,2522.0,2501.0,2519.0,67462642,26845,12,2519.0
2008-09-20,2531.0,2594.0,2529.0,2529.0,36089288,14010,5,2529.0
2008-09-21,2604.0,2604.0,2536.0,2536.0,20284480,7790,6,2536.0
2008-09-23,2612.0,2612.0,2585.0,2585.0,134434146,51468,17,2585.0
2008-09-24,2662.0,2662.0,2590.0,2590.0,12537300,4710,5,2590.0
2008-09-27,2667.0,2667.0,2600.0,2600.0,27442760,10290,4,2600.0
2008-09-28,2678.0,2678.0,2615.0,2615.0,40196150,15010,11,2615.0
2008-09-29,2693.0,2693.0,2620.0,2620.0,13491200,5010,3,2620.0
2008-10-04,2698.0,2698.0,2623.0,2623.0,8120230,3010,3,2623.0
2008-10-07,2701.0,2701.0,2633.0,2633.0,27036330,10010,3,2633.0
2008-10-08,2711.0,2711.0,2637.0,2637.0,10436610,3850,3,2637.0
2008-10-11,2716.0,2716.0,2577.0,2639.0,84155306,31850,14,2639.0
2008-10-12,2577.0,2610.0,2560.0,2610.0,78957429,30787,11,2610.0
2008-10-13,2560.0,2606.0,2560.0,2606.0,16851130,6582,5,2606.0
2008-10-14,2660.0,2660.0,2607.0,2607.0,2196630,826,3,2607.0
2008-10-15,2659.0,2660.0,2608.0,2608.0,7248207,2756,10,2608.0
2008-10-19,2649.0,2660.0,2612.0,2612.0,23154420,8760,7,2612.0
2008-10-21,2657.0,2660.0,2621.0,2621.0,43080230,16207,6,2621.0
2008-10-22,2621.0,2621.0,2609.0,2621.0,7816238,2986,4,2621.0
2008-10-26,2621.0,2621.0,2621.0,2621.0,6552500,2500,1,2621.0
2008-10-27,2621.0,2621.0,2621.0,2621.0,11472117,4377,4,2621.0
2008-10-28,2630.0,2630.0,2622.0,2622.0,13176220,5010,2,2622.0
2008-10-29,2699.0,2699.0,2623.0,2623.0,2725230,1010,2,2623.0
2008-11-02,2700.0,2700.0,2629.0,2629.0,16226290,6010,2,2629.0
2008-11-03,2707.0,2707.0,2631.0,2631.0,6252410,2310,3,2631.0
2008-11-10,2709.0,2709.0,2709.0,2709.0,2205126,814,2,2709.0
2008-11-11,2790.0,2790.0,2790.0,2790.0,279000,100,1,2790.0
2008-11-12,2873.0,2873.0,2873.0,2873.0,287300,100,1,2873.0
2008-11-15,2959.0,2959.0,2959.0,2959.0,420473900,142100,26,2959.0
2008-11-16,3047.0,3047.0,3047.0,3047.0,731280000,240000,38,3047.0
2008-11-17,3138.0,3138.0,2981.0,3130.0,2100356076,670903,103,3130.0
2008-11-18,3200.0,3207.0,3037.0,3123.0,74614600,24020,7,3123.0
2008-11-24,3200.0,3200.0,2780.0,2991.0,414498233,138556,54,2991.0
2008-11-25,2950.0,2950.0,2902.0,2931.0,161886498,55716,18,2931.0
2008-11-26,2844.0,2930.0,2844.0,2930.0,2873300,1010,2,2930.0
2008-11-29,2843.0,2929.0,2843.0,2929.0,3005911,1057,2,2929.0
2008-12-08,2842.0,2842.0,2842.0,2929.0,2842,1,1,2842.0
2008-12-15,2842.0,2842.0,2842.0,2842.0,312620,110,2,2842.0
2008-12-16,2757.0,2757.0,2757.0,2757.0,27570,10,1,2757.0
2008-12-22,2675.0,2675.0,2675.0,2675.0,26750,10,1,2675.0
2008-12-23,2595.0,2751.0,2595.0,2638.0,263076687,99735,28,2676.0
2008-12-24,2570.0,2717.0,2570.0,2650.0,53749500,20000,9,2717.0
2008-12-27,2729.0,2729.0,2729.0,2729.0,227773256,83464,28,2729.0
2008-12-28,2798.0,2799.0,2792.0,2742.0,44720000,16000,7,2796.0
2008-12-29,2670.0,2790.0,2660.0,2718.0,66259120,24863,12,2670.0
2008-12-31,2637.0,2637.0,2637.0,2708.0,26370000,10000,1,2637.0
2009-01-03,2628.0,2628.0,2627.0,2683.0,65389030,24890,8,2627.0
2009-01-04,2603.0,2603.0,2603.0,2673.0,26030000,10000,1,2603.0
2009-01-05,2600.0,2600.0,2593.0,2593.0,206798750,79750,25,2593.0
2009-01-10,2670.0,2670.0,2553.0,2585.0,62613435,24399,11,2555.0
2009-01-11,2547.0,2547.0,2508.0,2551.0,104354216,41431,15,2508.0
2009-01-12,2500.0,2500.0,2475.0,2521.0,86891000,35000,7,2475.0
2009-01-13,2446.0,2446.0,2446.0,2464.0,149206000,61000,15,2446.0
2009-01-14,2391.0,2391.0,2391.0,2459.0,13929966,5826,2,2391.0
2009-01-17,2386.0,2386.0,2386.0,2458.0,2386000,1000,1,2386.0
2009-01-18,2385.0,2385.0,2385.0,2457.0,2385000,1000,1,2385.0
2009-01-19,2384.0,2384.0,2384.0,2435.0,57573600,24150,6,2384.0
2009-01-20,2371.0,2508.0,2371.0,2410.0,495080083,205461,57,2432.0
2009-01-21,2480.0,2480.0,2463.0,2447.0,112134531,45301,14,2480.0
2009-01-24,2510.0,2510.0,2510.0,2449.0,5020000,2000,1,2510.0
2009-01-25,2427.0,2427.0,2380.0,2440.0,40817161,16975,6,2380.0
2009-01-26,2498.0,2498.0,2498.0,2447.0,24980000,10000,1,2498.0
2009-01-27,2494.0,2507.0,2403.0,2448.0,17485840,7120,4,2403.0
2009-01-28,2500.0,2500.0,2500.0,2449.0,3682500,1473,5,2500.0
2009-01-31,2499.0,2500.0,2499.0,2460.0,44884473,17960,5,2499.0
2009-02-01,2460.0,2460.0,2400.0,2442.0,69046800,28662,6,2400.0
2009-02-02,2369.0,2369.0,2369.0,2419.0,59225000,25000,5,2369.0
2009-02-03,2347.0,2347.0,2347.0,2347.0,346182500,147500,40,2347.0
2009-02-04,2277.0,2301.0,2277.0,2280.0,303964909,133339,39,2277.0
2009-02-07,2300.0,2345.0,2300.0,2291.0,81042652,35150,14,2344.0
2009-02-08,2300.0,2300.0,2300.0,2292.0,23000000,10000,1,2300.0
2009-02-09,2310.0,2345.0,2300.0,2296.0,31979050,13799,10,2300.0
2009-02-11,2310.0,2310.0,2300.0,2296.0,10404900,4523,3,2300.0
2009-02-14,2338.0,2338.0,2228.0,2279.0,79032321,35024,25,2228.0
2009-02-15,2231.0,2231.0,2220.0,2264.0,49934864,22438,9,2220.0
2009-02-17,2201.0,2201.0,2197.0,2245.0,50555500,23000,6,2197.0
2009-02-22,2178.0,2195.0,2178.0,2231.0,38405678,17601,8,2194.0
2009-02-25,2185.0,2185.0,2182.0,2228.0,10917500,5000,2,2182.0
2009-02-28,2294.0,2294.0,2294.0,2232.0,11470000,5000,1,2294.0
2009-03-01,2297.0,2298.0,2297.0,2248.0,45947500,20000,6,2298.0
2009-03-02,2312.0,2312.0,2222.0,2250.0,70160257,31125,10,2230.0
2009-03-03,2221.0,2222.0,2183.0,2212.0,122808025,55925,15,2183.0
2009-03-07,2275.0,2275.0,2210.0,2212.0,5102825,2300,2,2210.0
2009-03-08,2200.0,2200.0,2200.0,2209.0,44000000,20000,2,2200.0
2009-03-09,2270.0,2275.0,2270.0,2213.0,11701270,5149,4,2275.0
2009-03-10,2251.0,2278.0,2251.0,2215.0,11556272,5092,4,2258.0
2009-03-11,2281.0,2281.0,2281.0,2238.0,95318428,41788,10,2281.0
2009-03-14,2305.0,2305.0,2281.0,2245.0,30132905,13105,9,2290.0
2009-03-16,2285.0,2312.0,2285.0,2267.0,94276019,40804,11,2312.0
2009-03-17,2335.0,2335.0,2335.0,2290.0,93400000,40000,11,2335.0
2009-03-18,2358.0,2358.0,2358.0,2305.0,61107570,25915,18,2358.0
2009-03-25,2374.0,2374.0,2374.0,2311.0,23740000,10000,1,2374.0
2009-03-29,2380.0,2380.0,2380.0,2314.0,11900000,5000,1,2380.0
2009-03-30,2383.0,2383.0,2383.0,2319.0,22748118,9546,3,2383.0
2009-03-31,2388.0,2388.0,2388.0,2320.0,4298400,1800,1,2388.0
2009-04-08,2389.0,2389.0,2389.0,2389.0,12422800,5200,3,2389.0
2009-04-11,2460.0,2460.0,2460.0,2391.0,7380000,3000,1,2460.0
2009-04-12,2462.0,2462.0,2462.0,2462.0,14772000,6000,1,2462.0
2009-04-13,2535.0,2535.0,2460.0,2514.0,260144395,103138,24,2500.0
2009-04-14,2440.0,2440.0,2439.0,2510.0,15024362,6158,15,2439.0
2009-04-15,2499.0,2499.0,2435.0,2493.0,80295715,32806,11,2440.0
2009-04-18,2419.0,2499.0,2419.0,2467.0,105384965,43504,15,2499.0
2009-04-19,2540.0,2541.0,2441.0,2518.0,212821920,83803,20,2541.0
2009-04-20,2590.0,2593.0,2590.0,2534.0,65320078,25200,8,2593.0
2009-04-21,2610.0,2610.0,2501.0,2539.0,29640100,11476,8,2501.0
2009-04-22,2471.0,2471.0,2463.0,2535.0,14788070,5990,5,2463.0
2009-04-25,2550.0,2550.0,2500.0,2531.0,81572837,32363,10,2500.0
2009-04-26,2499.0,2500.0,2499.0,2531.0,2982150,1193,2,2500.0
2009-04-27,2499.0,2520.0,2470.0,2517.0,100279660,40297,14,2470.0
2009-04-28,2470.0,2470.0,2442.0,2498.0,77725128,31778,12,2442.0
2009-05-03,2426.0,2426.0,2424.0,2479.0,75258960,31040,9,2424.0
2009-05-04,2407.0,2407.0,2405.0,2431.0,187701987,78033,29,2405.0
2009-05-05,2362.0,2362.0,2359.0,2388.0,170565808,72297,23,2359.0
2009-05-06,2400.0,2400.0,2400.0,2388.0,240000,100,1,2400.0
2009-05-09,2459.0,2459.0,2459.0,2388.0,59016,24,1,2459.0
2009-05-10,2459.0,2459.0,2459.0,2447.0,247129500,100500,31,2459.0
2009-05-11,2430.0,2430.0,2374.0,2427.0,138563404,57604,19,2374.0
2009-05-12,2374.0,2374.0,2355.0,2392.0,154965765,65593,23,2355.0
2009-05-16,2463.0,2463.0,2392.0,2411.0,83666782,34006,11,2463.0
2009-05-17,2399.0,2399.0,2350.0,2405.0,33935650,14350,5,2350.0
2009-05-18,2360.0,2360.0,2333.0,2377.0,109542723,46933,16,2333.0
2009-05-19,2306.0,2308.0,2306.0,2368.0,35731465,15494,11,2306.0
2009-05-20,2297.0,2306.0,2297.0,2346.0,90915000,39500,12,2304.0
2009-05-23,2416.0,2416.0,2416.0,2360.0,58409216,24176,9,2416.0
2009-05-24,2330.0,2430.0,2330.0,2359.0,24849835,10569,10,2341.0
2009-05-25,2429.0,2429.0,2361.0,2361.0,47834398,20200,14,2361.0
2009-05-26,2428.0,2431.0,2420.0,2375.0,61926548,25500,10,2431.0
2009-05-27,2371.0,2372.0,2371.0,2375.0,4865342,2052,3,2372.0
2009-05-30,2429.0,2446.0,2429.0,2387.0,50764140,20765,8,2446.0
2009-05-31,2458.0,2458.0,2403.0,2388.0,6997076,2877,5,2403.0
2009-06-01,2457.0,2457.0,2345.0,2384.0,75571997,31833,13,2400.0
2009-06-02,2361.0,2363.0,2350.0,2374.0,91449600,38864,12,2351.0
2009-06-03,2333.0,2357.0,2332.0,2369.0,37414700,16000,7,2357.0
2009-06-06,2357.0,2357.0,2333.0,2362.0,66466920,28390,16,2351.0
2009-06-07,2426.0,2426.0,2420.0,2365.0,12396200,5110,2,2420.0
2009-06-08,2337.0,2340.0,2337.0,2364.0,11191075,4784,6,2339.0
2009-06-09,2364.0,2434.0,2364.0,2394.0,124831194,51301,16,2434.0
2009-06-10,2465.0,2465.0,2465.0,2405.0,45375720,18408,2,2465.0
2009-06-13,2477.0,2477.0,2477.0,2434.0,121373000,49000,11,2477.0
2009-06-14,2507.0,2507.0,2460.0,2466.0,171883266,69056,27,2461.0
2009-06-15,2400.0,2400.0,2393.0,2409.0,226328529,94577,27,2393.0
2009-06-27,2011.0,2011.0,2011.0,2011.0,20110000,10000,1,2011.0
2009-06-28,1953.0,1955.0,1953.0,2001.0,42990000,22000,5,1954.0
2009-06-29,1951.0,1980.0,1942.0,1978.0,127489213,65096,23,1951.0
2009-06-30,2037.0,2037.0,2037.0,1995.0,71295000,35000,7,2037.0
2009-07-01,2054.0,2054.0,2054.0,1996.0,6162000,3000,1,2054.0
2009-07-04,2055.0,2055.0,2055.0,2004.0,32880000,16000,5,2055.0
2009-07-05,2064.0,2064.0,2064.0,2004.0,412800,200,1,2064.0
2009-07-07,2064.0,2064.0,2064.0,2009.0,22291200,10800,4,2064.0
2009-07-11,2069.0,2069.0,2069.0,2043.0,140470617,67893,22,2069.0
2009-07-12,2043.0,2043.0,2043.0,2043.0,6129000,3000,1,2043.0
2009-07-13,2043.0,2043.0,2043.0,2043.0,44275896,21672,3,2043.0
2009-07-14,2094.0,2094.0,2094.0,2043.0,209400,100,1,2094.0
2009-07-15,2094.0,2101.0,2089.0,2044.0,5156502,2468,3,2089.0
2009-07-18,2044.0,2080.0,2044.0,2045.0,46689320,22760,5,2044.0
2009-07-19,2093.0,2106.0,2045.0,2065.0,93765905,44696,17,2106.0
2009-07-21,2126.0,2126.0,2072.0,2081.0,70952700,33450,5,2126.0
2009-07-22,2143.0,2143.0,2143.0,2094.0,54646500,25500,7,2143.0
2009-07-25,2156.0,2156.0,2156.0,2110.0,65598456,30426,9,2156.0
2009-07-26,2101.0,2150.0,2100.0,2113.0,37136319,17446,12,2150.0
2009-07-27,2149.0,2149.0,2100.0,2113.0,24139500,11425,5,2100.0
2009-07-28,2110.0,2110.0,2071.0,2106.0,149477310,71156,36,2071.0
2009-08-17,2000.0,2000.0,1899.0,1918.0,518159000,270159,55,1916.0
2009-08-18,1862.0,1864.0,1862.0,1911.0,27981240,15020,5,1863.0
2009-08-19,1855.0,1900.0,1855.0,1908.0,57742000,30400,8,1900.0
2009-08-22,1870.0,1900.0,1870.0,1899.0,221523460,116658,18,1900.0
2009-08-23,1871.0,1920.0,1871.0,1881.0,1959909201,1041954,14,1899.0
2009-08-24,1916.0,1929.0,1891.0,1900.0,435537717,229249,38,1900.0
2009-08-25,1900.0,1930.0,1880.0,1882.0,2092083037,1111350,26,1930.0
2009-08-26,1930.0,1930.0,1920.0,1887.0,27100310,14067,7,1921.0
2009-08-29,1930.0,1930.0,1921.0,1888.0,6128148,3180,3,1921.0
2009-08-30,1934.0,1935.0,1891.0,1889.0,30818625,16275,8,1892.0
2009-08-31,1900.0,1901.0,1900.0,1892.0,54905196,28896,12,1900.0
2009-09-01,1873.0,1930.0,1873.0,1896.0,40788014,21304,10,1928.0
2009-09-02,1920.0,1930.0,1900.0,1901.0,1005410816,528812,10,1900.0
2009-09-05,1900.0,1929.0,1900.0,1912.0,419660620,219500,26,1900.0
2009-09-06,1881.0,1881.0,1855.0,1903.0,54272973,28933,9,1855.0
2009-09-07,1846.0,1846.0,1846.0,1867.0,141398062,76597,18,1846.0
2009-09-08,1830.0,1840.0,1815.0,1859.0,45723185,24999,7,1840.0
2009-09-09,1816.0,1900.0,1816.0,1856.0,55785348,30171,9,1900.0
2009-09-13,1830.0,1856.0,1830.0,1850.0,428440370,231601,10,1853.0
2009-09-14,1895.0,1905.0,1895.0,1903.0,273983356,143968,33,1905.0
2009-09-15,1960.0,1960.0,1924.0,1933.0,725227620,375227,49,1948.0
2009-09-16,1959.0,1970.0,1959.0,1964.0,218236160,110947,46,1970.0
2009-09-19,1933.0,1967.0,1933.0,1965.0,3149265265,1602715,5,1965.0
2009-09-21,1960.0,2008.0,1940.0,1943.0,3691231718,1899553,113,2008.0
2009-09-22,1885.0,1983.0,1885.0,1950.0,1958291240,1004280,4,1983.0
2009-09-23,1930.0,1930.0,1916.0,1944.0,47769970,24850,5,1916.0
2009-09-26,1967.0,2002.0,1960.0,1965.0,1929837689,981886,55,2002.0
2009-09-27,1998.0,2022.0,1998.0,1985.0,96766845,48012,20,2020.0
2009-09-28,2017.0,2021.0,2017.0,1989.0,31301000,15500,7,2021.0
2009-09-29,1989.0,2048.0,1989.0,2008.0,79648233,38920,13,2048.0
2009-09-30,2068.0,2068.0,2067.0,2018.0,41359500,20000,7,2068.0
2009-10-03,2078.0,2078.0,2078.0,2078.0,356196214,171413,59,2078.0
2009-10-05,2100.0,2100.0,2100.0,2079.0,7446600,3546,2,2100.0
2009-10-06,2129.0,2141.0,2110.0,2121.0,1449428811,683267,70,2141.0
2009-10-07,2182.0,2184.0,2178.0,2147.0,109113000,50000,20,2178.0
2009-10-10,2177.0,2211.0,2177.0,2210.0,836772576,378664,117,2211.0
2009-10-11,2210.0,2230.0,2184.0,2200.0,296220238,134656,33,2229.0
2009-10-12,2161.0,2265.0,2160.0,2206.0,169534143,76715,24,2265.0
2009-10-13,2190.0,2200.0,2171.0,2203.0,42655000,19500,4,2171.0
2009-10-17,2264.0,2264.0,2200.0,2201.0,7958269672,3615471,23,2201.0
2009-10-18,2170.0,2175.0,2150.0,2184.0,126136000,58257,15,2170.0
2009-10-19,2170.0,2200.0,2170.0,2186.0,91985000,42000,15,2180.0
2009-10-20,2240.0,2250.0,2129.0,2189.0,50399701,22889,10,2129.0
2009-10-21,2125.0,2254.0,2125.0,2185.0,108638158,49859,26,2249.0
2009-10-24,2121.0,2200.0,2120.0,2141.0,208127550,97679,23,2120.0
2009-10-25,2202.0,2202.0,2079.0,2126.0,153108858,72370,15,2080.0
2009-10-26,2187.0,2189.0,2123.0,2173.0,242295173,111322,43,2123.0
2009-10-27,2168.0,2168.0,2163.0,2172.0,34007421,15699,9,2164.0
2009-10-28,2163.0,2170.0,2107.0,2126.0,196920552,93195,32,2107.0
2009-10-31,2172.0,2189.0,2169.0,2170.0,213172277,97771,21,2187.0
2009-11-01,2187.0,2187.0,2105.0,2146.0,286594617,133558,36,2105.0
2009-11-02,2146.0,2146.0,2085.0,2130.0,85217400,40619,11,2085.0
2009-11-03,2149.0,2150.0,2137.0,2132.0,50736257,23701,4,2137.0
2009-11-04,2082.0,2150.0,2082.0,2133.0,84568111,39586,9,2113.0
2009-11-07,2103.0,2179.0,2102.0,2134.0,65665992,30738,6,2133.0
2009-11-08,2108.0,2150.0,2108.0,2134.0,13743680,6460,2,2150.0
2009-11-09,2121.0,2123.0,2110.0,2124.0,187645057,88500,12,2110.0
2009-11-10,2110.0,2140.0,2066.0,2112.0,174626584,82913,18,2140.0
2009-11-11,2140.0,2140.0,2100.0,2112.0,48593076,23020,9,2103.0
2009-11-14,2103.0,2185.0,2103.0,2153.0,155712089,71412,19,2185.0
2009-11-15,2186.0,2186.0,2169.0,2158.0,60891960,28029,7,2183.0
2009-11-16,2180.0,2233.0,2179.0,2213.0,248044757,111868,22,2233.0
2009-11-17,2290.0,2290.0,2231.0,2282.0,369564709,161970,34,2278.0
2009-11-18,2254.0,2254.0,2203.0,2261.0,95059574,42752,16,2203.0
2009-11-21,2182.0,2182.0,2182.0,2258.0,9845184,4512,1,2182.0
2009-11-22,2179.0,2179.0,2179.0,2240.0,60064135,27565,4,2179.0
2009-11-23,2162.0,2162.0,2162.0,2238.0,6486000,3000,1,2162.0
2009-11-24,2160.0,2160.0,2160.0,2235.0,9633600,4460,4,2160.0
2009-11-25,2157.0,2160.0,2157.0,2158.0,325711853,150929,30,2157.0
2009-11-29,2083.0,2083.0,2083.0,2147.0,35411000,17000,22,2083.0
2009-11-30,2072.0,2072.0,2072.0,2122.0,83916000,40500,7,2072.0
2009-12-01,2070.0,2070.0,2048.0,2087.0,130138998,63324,15,2048.0
2009-12-02,2016.0,2087.0,2014.0,2045.0,141738714,70350,23,2087.0
2009-12-05,2110.0,2110.0,2110.0,2048.0,10714580,5078,1,2110.0
2009-12-07,2119.0,2119.0,2119.0,2048.0,1392183,657,3,2119.0
2009-12-08,2049.0,2119.0,2048.0,2055.0,51388505,24692,11,2119.0
2009-12-09,2055.0,2055.0,1985.0,2014.0,195812545,97670,49,1987.0
2009-12-12,2001.0,2001.0,2000.0,2012.0,33111500,16552,6,2000.0
2009-12-13,2000.0,2000.0,2000.0,2012.0,1296000,648,2,2000.0
2009-12-14,1986.0,1986.0,1950.0,2006.0,43059450,21781,6,1950.0
2009-12-15,1939.0,1939.0,1936.0,1994.0,41727888,21533,4,1936.0
2009-12-16,1926.0,1926.0,1925.0,1991.0,9044725,4697,2,1925.0
2009-12-20,1922.0,1950.0,1922.0,1978.0,54141000,28000,10,1950.0
2009-12-21,1909.0,1978.0,1909.0,1977.0,10111338,5182,9,1970.0
2009-12-22,1919.0,1920.0,1910.0,1966.0,40815460,21334,10,1910.0
2009-12-28,1912.0,1912.0,1901.0,1948.0,67286086,35300,10,1901.0
2009-12-29,1901.0,1902.0,1901.0,1945.0,14559118,7658,7,1901.0
2009-12-30,1901.0,1901.0,1877.0,1917.0,107782174,57156,15,1900.0
2010-01-02,1984.0,1984.0,1984.0,1938.0,73975424,37286,16,1984.0
2010-01-03,1891.0,1891.0,1891.0,1938.0,56730,30,1,1891.0
2010-01-04,2005.0,2005.0,2005.0,1938.0,1098740,548,3,2005.0
2010-01-09,2000.0,2005.0,2000.0,1942.0,12793056,6384,5,2005.0
2010-01-10,2009.0,2009.0,2009.0,1945.0,11157986,5554,4,2009.0
2010-01-11,2004.0,2013.0,2003.0,1957.0,46172000,23000,10,2013.0
2010-01-13,2010.0,2025.0,2010.0,1963.0,27345000,13600,8,2025.0
2010-01-16,2031.0,2031.0,2031.0,1968.0,17161950,8450,6,2031.0
2010-01-18,2036.0,2036.0,2036.0,1971.0,9996760,4910,1,2036.0
2010-01-20,2039.0,2039.0,2039.0,1977.0,20390000,10000,1,2039.0
2010-01-23,2046.0,2046.0,2046.0,1977.0,1708410,835,1,2046.0
2010-01-24,2046.0,2046.0,2046.0,1981.0,15345000,7500,3,2046.0
2010-01-25,2050.0,2050.0,2050.0,1987.0,20500000,10000,3,2050.0
2010-01-26,2056.0,2056.0,2056.0,1991.0,15420000,7500,3,2056.0
2010-01-27,2060.0,2060.0,2060.0,2003.0,43157000,20950,18,2060.0
2010-01-30,2060.0,2073.0,2060.0,2033.0,111704820,54000,11,2073.0
2010-01-31,2104.0,2104.0,2104.0,2047.0,48392000,23000,11,2104.0
2010-02-01,2118.0,2118.0,2118.0,2054.0,25416000,12000,3,2118.0
2010-02-02,2054.0,2054.0,2054.0,2054.0,2222428,1082,1,2054.0
2010-02-03,2021.0,2055.0,2020.0,2048.0,151386823,74200,23,2050.0
2010-02-06,2050.0,2050.0,2050.0,2048.0,4708850,2297,1,2050.0
2010-02-08,2050.0,2099.0,2050.0,2051.0,79925350,38828,8,2099.0
2010-02-09,1982.0,2075.0,1982.0,2048.0,28088454,13947,5,2001.0
2010-02-10,2065.0,2065.0,2060.0,2048.0,8662100,4200,4,2060.0
2010-02-14,2070.0,2070.0,2060.0,2048.0,579400,280,4,2060.0
2010-02-16,2070.0,2100.0,2070.0,2053.0,43830886,20997,10,2093.0
2010-02-17,2119.0,2123.0,2090.0,2061.0,52754012,25088,10,2090.0
2010-02-20,2080.0,2133.0,2080.0,2074.0,91331156,43321,23,2133.0
2010-02-21,2099.0,2146.0,2099.0,2093.0,94116690,43912,26,2146.0
2010-02-23,2074.0,2095.0,2020.0,2085.0,76550141,37177,19,2092.0
2010-02-24,2016.0,2093.0,2016.0,2084.0,51467748,24758,7,2093.0
2010-02-27,2026.0,2026.0,2012.0,2071.0,63987172,31670,17,2012.0
2010-02-28,2092.0,2138.0,2050.0,2071.0,39021330,18837,6,2138.0
2010-03-01,2142.0,2143.0,2138.0,2090.0,92153018,43025,14,2143.0
2010-03-02,2150.0,2163.0,2150.0,2111.0,99484333,46022,23,2163.0
2010-03-03,2111.0,2184.0,2111.0,2116.0,26193280,12046,6,2180.0
2010-03-06,2180.0,2190.0,2180.0,2138.0,103103080,47095,20,2190.0
2010-03-07,2195.0,2212.0,2195.0,2146.0,41720897,18922,12,2195.0
2010-03-08,2199.0,2199.0,2199.0,2147.0,3795474,1726,3,2199.0
2010-03-09,2198.0,2221.0,2147.0,2157.0,64291801,29208,6,2147.0
2010-03-10,2221.0,2221.0,2220.0,2159.0,13872347,6247,3,2220.0
2010-03-13,2190.0,2190.0,2084.0,2153.0,55404384,26076,7,2084.0
2010-03-14,2080.0,2080.0,2078.0,2148.0,23688898,11390,3,2078.0
2010-03-15,2190.0,2223.0,2190.0,2221.0,378972803,170661,17,2223.0
2010-03-16,2270.0,2270.0,2270.0,2222.0,7461490,3287,1,2270.0
2010-03-17,2230.0,2240.0,2145.0,2219.0,69864215,31631,9,2240.0
2010-03-27,2296.0,2296.0,2296.0,2229.0,48718824,21219,7,2296.0
2010-03-28,2307.0,2307.0,2307.0,2307.0,3275245593,1419699,66,2307.0
2010-03-29,2387.0,2387.0,2387.0,2387.0,6089151068,2550964,70,2387.0
2010-03-30,2470.0,2470.0,2401.0,2460.0,1294109592,525998,45,2468.0
2010-03-31,2430.0,2440.0,2374.0,2455.0,27333880,11427,3,2374.0
2010-04-03,2381.0,2381.0,2370.0,2440.0,70904358,29864,13,2370.0
2010-04-04,2380.0,2450.0,2355.0,2367.0,347846305,147337,36,2360.0
2010-04-05,2288.0,2291.0,2287.0,2345.0,100013814,43710,14,2289.0
2010-04-06,2300.0,2332.0,2285.0,2329.0,117467085,51218,14,2286.0
2010-04-07,2330.0,2410.0,2330.0,2364.0,202877632,84681,20,2400.0
2010-04-10,2345.0,2410.0,2310.0,2394.0,337350950,140680,26,2410.0
2010-04-11,2408.0,2408.0,2313.0,2390.0,52837806,22352,8,2320.0
2010-04-12,2407.0,2407.0,2320.0,2386.0,27084200,11585,7,2320.0
2010-04-13,2370.0,2373.0,2303.0,2366.0,126487385,54342,16,2303.0
2010-04-14,2285.0,2365.0,2284.0,2287.0,454737303,198849,35,2284.0
2010-04-17,2349.0,2350.0,2349.0,2292.0,28992050,12338,6,2350.0
2010-04-18,2288.0,2349.0,2280.0,2287.0,177637372,77818,17,2349.0
2010-04-19,2347.0,2347.0,2260.0,2301.0,129104881,55443,20,2290.0
2010-04-20,2350.0,2350.0,2350.0,2301.0,2984500,1270,1,2350.0
2010-04-21,2350.0,2350.0,2285.0,2305.0,57832615,24890,11,2300.0
2010-04-24,2286.0,2300.0,2240.0,2292.0,185537290,81400,26,2300.0
2010-04-25,2240.0,2329.0,2240.0,2291.0,9665975,4275,4,2329.0
2010-04-26,2329.0,2329.0,2300.0,2294.0,54047792,23373,10,2327.0
2010-04-27,2347.0,2348.0,2347.0,2297.0,19187345,8173,5,2348.0
2010-04-28,2348.0,2348.0,2345.0,2299.0,18456155,7865,6,2347.0
2010-05-01,2348.0,2348.0,2348.0,2300.0,9291036,3957,4,2348.0
2010-05-02,2338.0,2338.0,2338.0,2300.0,2338000,1000,1,2338.0
2010-05-04,2270.0,2270.0,2220.0,2288.0,54834580,24649,6,2220.0
2010-05-05,2217.0,2217.0,2215.0,2275.0,62037964,27999,7,2215.0
2010-05-09,2197.0,2200.0,2197.0,2197.0,4600457252,2093960,3,2200.0
2010-05-10,2201.0,2201.0,2121.0,2171.0,165366741,77182,18,2121.0
2010-05-11,2102.0,2246.0,2102.0,2192.0,532571852,242987,34,2246.0
2010-05-12,2266.0,2266.0,2123.0,2183.0,63904032,29789,8,2150.0
2010-05-15,2200.0,2200.0,2200.0,2184.0,22000000,10000,3,2200.0
2010-05-16,2257.0,2260.0,2257.0,2225.0,195893330,86690,24,2260.0
2010-05-18,2302.0,2302.0,2250.0,2228.0,16797835,7303,3,2250.0
2010-05-19,2251.0,2251.0,2151.0,2217.0,90342009,41318,14,2248.0
2010-05-22,2201.0,2201.0,2145.0,2202.0,183635866,83936,20,2201.0
2010-05-23,2230.0,2279.0,2230.0,2261.0,576839259,255070,37,2279.0
2010-05-24,2340.0,2340.0,2290.0,2338.0,2010783616,859991,128,2340.0
2010-05-25,2340.0,2419.0,2338.0,2415.0,1500586780,621243,113,2419.0
2010-05-26,2489.0,2489.0,2380.0,2437.0,288099386,117821,30,2380.0
2010-05-29,2419.0,2446.0,2364.0,2399.0,814648931,339648,105,2400.0
2010-06-06,2000.0,2070.0,2000.0,2006.0,111178000,55414,6,2070.0
2010-06-07,2070.0,2070.0,1936.0,1990.0,184534444,93268,27,1936.0
2010-06-08,1930.0,1949.0,1921.0,1956.0,175905368,91152,45,1921.0
2010-06-09,1890.0,1900.0,1888.0,1895.0,271290682,143662,33,1888.0
2010-06-12,1910.0,1930.0,1910.0,1896.0,5556080,2888,2,1930.0
2010-06-13,1911.0,1940.0,1911.0,1902.0,54544488,28240,9,1939.0
2010-06-14,1920.0,1968.0,1912.0,1924.0,144085544,73905,13,1968.0
2010-06-15,1991.0,1991.0,1991.0,1991.0,2135950773,1072803,85,1991.0
2010-06-16,2060.0,2060.0,2060.0,2060.0,327231000,158850,11,2060.0
2010-06-19,2132.0,2132.0,2130.0,2132.0,4044743840,1897170,143,2132.0
2010-06-20,2206.0,2206.0,2170.0,2205.0,7506102155,3404129,222,2206.0
2010-06-21,2280.0,2280.0,2128.0,2214.0,5843170909,2639387,278,2128.0
2010-06-22,2142.0,2180.0,2137.0,2140.0,890340222,416076,69,2150.0
2010-06-23,2150.0,2214.0,2150.0,2209.0,2214951667,1002891,103,2214.0
2010-06-27,2270.0,2286.0,2258.0,2283.0,3979104193,1743107,272,2286.0
2010-06-28,2350.0,2370.0,2250.0,2331.0,2333132914,1001036,160,2250.0
2010-06-29,2330.0,2330.0,2238.0,2263.0,1417941165,626581,106,2238.0
2010-07-17,2048.0,2058.0,1999.0,2034.0,2216372724,1089576,140,2040.0
2010-07-18,2108.0,2115.0,2099.0,2114.0,5855736502,2769546,225,2115.0
2010-07-19,2197.0,2197.0,2033.0,2140.0,2736693934,1279038,168,2111.0
2010-07-20,2125.0,2127.0,2060.0,2087.0,1813271182,868845,197,2060.0
2010-07-21,2073.0,2155.0,2073.0,2119.0,1363312654,643336,112,2134.0
2010-07-24,2110.0,2119.0,2091.0,2100.0,634233720,302047,49,2092.0
2010-07-25,2100.0,2140.0,2090.0,2119.0,1889292589,891757,118,2120.0
2010-07-26,2156.0,2156.0,2105.0,2128.0,1361950981,640132,80,2110.0
2010-07-28,2148.0,2148.0,2095.0,2109.0,325336525,154338,36,2095.0
2010-07-31,2094.0,2095.0,2070.0,2082.0,733954292,352586,51,2074.0
2010-08-01,2067.0,2070.0,2020.0,2052.0,392015126,191083,49,2020.0
2010-08-02,2021.0,2130.0,2021.0,2103.0,874155537,415705,92,2101.0
2010-08-03,2150.0,2150.0,2090.0,2104.0,521394576,247789,59,2100.0
2010-08-04,2130.0,2130.0,2080.0,2102.0,758040282,360697,51,2080.0
2010-08-07,2080.0,2110.0,2050.0,2078.0,739588217,355835,75,2084.0
2010-08-08,2089.0,2149.0,2089.0,2134.0,1182511900,554108,50,2119.0
2010-08-09,2133.0,2145.0,2108.0,2123.0,591282446,278450,56,2110.0
2010-08-10,2137.0,2167.0,2137.0,2154.0,1530760937,710605,107,2146.0
2010-08-11,2177.0,2185.0,2157.0,2174.0,1093949406,503278,77,2157.0
2010-08-14,2160.0,2177.0,2102.0,2118.0,362354980,171083,51,2102.0
2010-08-15,2109.0,2109.0,2062.0,2086.0,644800246,309111,47,2062.0
2010-08-16,2091.0,2140.0,2091.0,2112.0,553415585,262030,54,2103.0
2010-08-17,2139.0,2139.0,2092.0,2108.0,368651247,174917,36,2100.0
2010-08-18,2092.0,2139.0,2090.0,2118.0,950607240,448770,74,2120.0
2010-08-21,2150.0,2202.0,2150.0,2193.0,780483996,355907,47,2202.0
2010-08-22,2280.0,2280.0,2280.0,2280.0,1382334360,606287,40,2280.0
2010-08-23,2371.0,2371.0,2228.0,2355.0,7806573455,3315430,361,2299.0
2010-08-24,2314.0,2321.0,2261.0,2280.0,1831628007,803368,161,2287.0
2010-08-25,2300.0,2371.0,2300.0,2364.0,6501675654,2749927,250,2371.0
2010-08-28,2398.0,2458.0,2398.0,2438.0,3496747016,1434551,178,2458.0
2010-08-29,2500.0,2500.0,2380.0,2418.0,1560985527,645608,89,2381.0
2010-08-30,2418.0,2420.0,2350.0,2382.0,1832130297,769307,102,2355.0
2010-08-31,2390.0,2400.0,2353.0,2381.0,862504926,362275,71,2400.0
2010-09-04,2440.0,2450.0,2401.0,2422.0,1379926125,569854,84,2402.0
2010-09-05,2425.0,2425.0,2365.0,2391.0,939981438,393193,79,2365.0
2010-09-06,2380.0,2400.0,2330.0,2373.0,560048461,236050,52,2335.0
2010-09-07,2333.0,2333.0,2279.0,2296.0,834400755,363343,58,2320.0
2010-09-08,2220.0,2387.0,2220.0,2347.0,617415182,263051,47,2360.0
2010-09-12,2388.0,2388.0,2328.0,2357.0,500532376,212319,27,2355.0
2010-09-13,2369.0,2369.0,2263.0,2303.0,349568503,152000,32,2263.0
2010-09-14,2270.0,2390.0,2250.0,2279.0,767497277,336802,53,2270.0
2010-09-15,2299.0,2349.0,2270.0,2295.0,402345875,175334,35,2300.0
2010-09-18,2369.0,2369.0,2255.0,2302.0,475216438,206456,49,2310.0
2010-09-19,2349.0,2349.0,2255.0,2287.0,1006579433,440061,53,2258.0
2010-09-20,2260.0,2350.0,2260.0,2348.0,23861142161,10162177,55,2300.0
2010-09-21,2310.0,2310.0,2270.0,2301.0,337520760,146932,44,2270.0
2010-09-22,2300.0,2330.0,2272.0,2309.0,629008508,272423,48,2316.0
2010-09-25,2339.0,2360.0,2300.0,2340.0,1009928024,431609,68,2300.0
2010-09-26,2330.0,2330.0,2256.0,2312.0,189643695,82951,27,2260.0
2010-09-27,2281.0,2298.0,2230.0,2253.0,505390813,224299,50,2268.0
2010-09-28,2250.0,2250.0,2163.0,2213.0,401144157,181278,37,2170.0
2010-09-29,2230.0,2279.0,2220.0,2251.0,732530130,325373,44,2220.0
2010-10-02,2221.0,2280.0,2161.0,2184.0,655261402,300069,77,2161.0
2010-10-03,2117.0,2150.0,2097.0,2101.0,4074234905,1939264,162,2140.0
2010-10-05,2140.0,2168.0,2130.0,2152.0,1032395160,479679,93,2130.0
2010-10-06,2140.0,2164.0,2120.0,2136.0,328064406,153610,38,2120.0
2010-10-09,2130.0,2130.0,2101.0,2109.0,356403952,168989,44,2101.0
2010-10-10,2110.0,2110.0,2030.0,2044.0,440368165,215443,52,2078.0
2010-10-11,2050.0,2050.0,1963.0,2017.0,670836699,332646,49,2030.0
2010-10-12,2000.0,2000.0,1937.0,1947.0,449165990,230732,53,1937.0
2010-10-13,1870.0,1870.0,1870.0,1870.0,403800320,215936,41,1870.0
2010-10-16,1800.0,1940.0,1800.0,1853.0,363946763,196451,48,1870.0
2010-10-17,1900.0,1927.0,1900.0,1924.0,328371288,170707,31,1927.0
2010-10-18,2000.0,2000.0,2000.0,2000.0,4266878000,2133439,149,2000.0
2010-10-19,2079.0,2079.0,1920.0,1948.0,707614495,363226,72,1920.0
2010-10-20,1919.0,1978.0,1910.0,1929.0,629384462,326325,42,1960.0
2010-10-23,2000.0,2006.0,1970.0,2000.0,894053811,446969,73,1985.0
2010-10-24,1994.0,1995.0,1920.0,1925.0,814673683,423210,60,1920.0
2010-10-25,1905.0,1960.0,1905.0,1934.0,18365651701,9494359,65,1959.0
2010-10-26,1907.0,1935.0,1907.0,1934.0,6115603272,3162962,28,1920.0
2010-10-27,1910.0,2010.0,1910.0,1988.0,327557977,164787,49,2010.0
2010-10-30,2000.0,2030.0,2000.0,2009.0,279195455,138759,35,2000.0
2010-10-31,2020.0,2020.0,1929.0,1992.0,94318099,48305,19,1950.0
2010-11-01,1933.0,1955.0,1930.0,1970.0,128070382,66071,23,1950.0
2010-11-02,1931.0,1947.0,1892.0,1901.0,905854417,476535,95,1900.0
2010-11-03,1900.0,1900.0,1870.0,1889.0,390232674,206617,56,1880.0
2010-11-06,1964.0,1964.0,1935.0,1957.0,574850257,293748,43,1948.0
2010-11-07,1950.0,2034.0,1889.0,1968.0,552620692,280762,59,1900.0
2010-11-08,1989.0,2020.0,1905.0,1974.0,506486588,256561,45,2020.0
2010-11-09,1999.0,1999.0,1940.0,1971.0,27692111,14241,8,1941.0
2010-11-10,1941.0,1950.0,1930.0,1961.0,111801242,57498,19,1950.0
2010-11-13,1932.0,1950.0,1920.0,1954.0,69125990,35786,12,1920.0
2010-11-14,1940.0,1948.0,1910.0,1947.0,63988010,33290,17,1910.0
2010-11-15,1914.0,1948.0,1889.0,1921.0,386519379,201230,43,1900.0
2010-11-16,1900.0,1937.0,1888.0,1912.0,190423991,99851,28,1896.0
2010-11-20,1896.0,1900.0,1877.0,1905.0,73704069,39095,16,1900.0
2010-11-21,1871.0,1894.0,1870.0,1896.0,96047770,51201,13,1871.0
2010-11-22,1939.0,1939.0,1880.0,1896.0,58622885,30905,7,1880.0
2010-11-23,1884.0,1971.0,1870.0,1938.0,661338687,341297,57,1971.0
2010-11-24,1980.0,2015.0,1969.0,2009.0,1340315320,667178,105,2015.0
2010-11-27,2020.0,2088.0,2019.0,2041.0,298416684,145967,40,2023.0
2010-11-28,2030.0,2085.0,2016.0,2058.0,286577725,139085,33,2016.0
2010-11-29,2059.0,2069.0,1976.0,2046.0,755871236,369451,35,2019.0
2010-11-30,2050.0,2050.0,1965.0,2011.0,159223139,80558,18,2000.0
2010-12-01,2020.0,2020.0,1952.0,2010.0,7817760,3988,2,1952.0
2010-12-04,1997.0,1997.0,1951.0,2004.0,29268160,15000,6,1951.0
2010-12-05,1950.0,1990.0,1930.0,1950.0,4035412757,2069765,21,1990.0
2010-12-06,1930.0,1950.0,1900.0,1949.0,3973004026,2038300,7,1950.0
2010-12-07,1950.0,1970.0,1950.0,1955.0,1328508410,679502,9,1955.0
2010-12-08,1959.0,2000.0,1959.0,1961.0,3962417870,2020661,23,1960.0
2010-12-11,1970.0,2032.0,1970.0,2007.0,265059486,131402,29,2000.0
2010-12-12,2020.0,2087.0,2020.0,2083.0,1882778850,903798,94,2087.0
2010-12-13,2100.0,2100.0,2022.0,2076.0,93787194,45532,21,2041.0
2010-12-14,2041.0,2097.0,2040.0,2079.0,484247590,232940,28,2041.0
2010-12-18,2041.0,2049.0,1996.0,2055.0,120766619,59971,23,1996.0
2010-12-19,2000.0,2000.0,1980.0,2028.0,135669056,68130,16,1980.0
2010-12-20,2028.0,2028.0,2000.0,2027.0,176754528,87251,6,2000.0
2010-12-21,2000.0,2000.0,1984.0,2023.0,37384500,18750,8,1984.0
2010-12-22,2000.0,2049.0,1980.0,2021.0,101766300,50442,17,2049.0
2010-12-25,2021.0,2050.0,2021.0,2028.0,107444442,52644,8,2050.0
2010-12-26,2050.0,2080.0,2050.0,2048.0,253178480,123295,22,2050.0
2010-12-27,2048.0,2129.0,2000.0,2057.0,587523687,285591,48,2120.0
2010-12-28,2118.0,2129.0,2069.0,2121.0,356108196,167884,18,2069.0
2010-12-29,2060.0,2070.0,2037.0,2050.0,366334181,178716,35,2049.0
2011-01-01,2001.0,2010.0,1989.0,2022.0,175879128,87986,21,2000.0
2011-01-02,1991.0,1991.0,1980.0,2004.0,163547596,82347,18,1990.0
2011-01-03,1980.0,2050.0,1980.0,2006.0,93092071,46279,14,2050.0
2011-01-04,2039.0,2039.0,1990.0,2000.0,919586761,459692,42,2001.0
2011-01-05,2025.0,2025.0,1990.0,1995.0,310036223,155411,32,1990.0
2011-01-08,2000.0,2024.0,1981.0,2000.0,454118222,227103,44,1985.0
2011-01-09,2019.0,2020.0,1989.0,2006.0,1192547759,594612,113,1996.0
2011-01-10,2000.0,2010.0,1971.0,1992.0,849905332,426619,74,1990.0
2011-01-11,1999.0,1999.0,1970.0,1987.0,427608545,215233,37,1985.0
2011-01-12,1990.0,1999.0,1971.0,1987.0,232007761,116800,33,1975.0
2011-01-15,1990.0,1990.0,1971.0,1985.0,61025099,30936,10,1980.0
2011-01-16,1971.0,1980.0,1960.0,1975.0,326459585,165508,31,1975.0
2011-01-17,1980.0,2020.0,1980.0,1990.0,638690407,320933,38,1990.0
2011-01-18,1991.0,2013.0,1980.0,1987.0,246133056,124026,22,2000.0
2011-01-19,2000.0,2020.0,1970.0,1977.0,3754446132,1899255,167,1970.0
2011-01-22,2005.0,2050.0,1998.0,2025.0,1222968710,604016,99,2049.0
2011-01-23,2051.0,2106.0,2051.0,2092.0,2506784790,1198068,137,2106.0
2011-01-24,2110.0,2138.0,2063.0,2090.0,1557525836,745199,88,2063.0
2011-01-26,2095.0,2100.0,2080.0,2096.0,961779903,458945,87,2098.0
2011-01-29,2078.0,2078.0,2034.0,2057.0,444645159,216209,47,2070.0
2011-01-30,2021.0,2080.0,2000.0,2050.0,309307506,151033,38,2039.0
2011-01-31,2054.0,2070.0,2006.0,2037.0,662999217,325487,59,2040.0
2011-02-01,2021.0,2070.0,2021.0,2054.0,752745805,366520,45,2070.0
2011-02-05,2070.0,2089.0,2060.0,2074.0,708387884,341540,65,2060.0
2011-02-06,2070.0,2080.0,2010.0,2031.0,924711827,455276,73,2010.0
2011-02-07,2000.0,2059.0,2000.0,2021.0,1026793991,508038,71,2012.0
2011-02-08,2040.0,2047.0,2020.0,2025.0,584341157,288625,42,2025.0
2011-02-09,2040.0,2040.0,2016.0,2022.0,177098614,87736,21,2016.0
2011-02-12,2030.0,2046.0,2018.0,2024.0,408831532,201984,41,2020.0
2011-02-13,2015.0,2030.0,2002.0,2013.0,1189790048,590917,59,2004.0
2011-02-14,2001.0,2038.0,1992.0,2001.0,2709740094,1354118,141,2000.0
2011-02-15,2030.0,2081.0,1970.0,2028.0,1413923461,697035,105,2050.0
2011-02-16,2001.0,2001.0,1981.0,1998.0,428141950,214269,27,2000.0
2011-02-19,1990.0,2000.0,1990.0,1997.0,119745467,60002,14,1991.0
2011-02-20,2000.0,2015.0,1983.0,2000.0,5382161666,2691091,52,2001.0
2011-02-22,1981.0,2025.0,1981.0,2002.0,371252420,185456,43,2010.0
2011-02-23,2020.0,2020.0,1993.0,2007.0,423235221,210867,48,1996.0
2011-02-26,2017.0,2018.0,1953.0,1986.0,367488516,185213,44,1953.0
2011-02-27,1956.0,1990.0,1955.0,1971.0,334451480,169934,34,1979.0
2011-02-28,1970.0,1980.0,1940.0,1955.0,865651622,442847,56,1940.0
2011-03-01,1955.0,1955.0,1881.0,1911.0,554218419,289982,43,1920.0
2011-03-02,1986.0,1987.0,1986.0,1987.0,522837244,263154,29,1987.0
2011-03-05,2049.0,2049.0,2004.0,2014.0,419521301,208328,27,2015.0
2011-03-06,2000.0,2010.0,1952.0,1991.0,544020525,273260,37,1952.0
2011-03-07,1999.0,1999.0,1940.0,1953.0,756524043,387364,38,1981.0
2011-03-08,1998.0,1999.0,1953.0,1961.0,124677052,63051,16,1961.0
2011-03-09,1971.0,1999.0,1956.0,1968.0,425883574,216365,31,1999.0
2011-03-12,1998.0,1998.0,1960.0,1972.0,253787615,128576,27,1973.0
2011-03-13,1970.0,1980.0,1950.0,1961.0,841476097,429024,48,1950.0
2011-03-14,1980.0,2039.0,1980.0,2008.0,818372312,407592,56,2035.0
2011-03-15,2030.0,2052.0,2030.0,2045.0,702060661,343329,46,2030.0
2011-03-16,2049.0,2100.0,2049.0,2079.0,811028496,390090,61,2066.0
2011-03-19,2065.0,2130.0,2065.0,2114.0,1209956879,572477,93,2110.0
2011-03-26,2121.0,2198.0,2121.0,2191.0,1078736477,492284,68,2198.0
2011-03-27,2200.0,2218.0,2151.0,2193.0,414072434,188784,39,2155.0
2011-03-28,2169.0,2170.0,2106.0,2119.0,1020549770,481558,78,2107.0
2011-03-29,2106.0,2180.0,2101.0,2135.0,972636934,455673,79,2143.0
2011-03-30,2179.0,2220.0,2179.0,2217.0,5276784787,2380284,218,2220.0
2011-04-03,2305.0,2305.0,2305.0,2305.0,3219245980,1396636,126,2305.0
2011-04-04,2397.0,2397.0,2397.0,2397.0,479400000,200000,19,2397.0
2011-04-05,2492.0,2492.0,2492.0,2492.0,4468973376,1793328,97,2492.0
2011-04-06,2529.0,2591.0,2402.0,2546.0,10561363111,4148030,418,2589.0
2011-04-09,2546.0,2550.0,2445.0,2468.0,1681927402,681581,83,2445.0
2011-04-10,2370.0,2440.0,2370.0,2371.0,1561957208,658907,85,2370.0
2011-04-11,2282.0,2420.0,2282.0,2357.0,1301296688,552214,75,2310.0
2011-04-12,2301.0,2397.0,2295.0,2345.0,964076881,411157,61,2388.0
2011-04-13,2380.0,2390.0,2304.0,2342.0,1251830305,534576,79,2389.0
2011-04-16,2399.0,2435.0,2384.0,2416.0,2139016841,885418,111,2390.0
2011-04-17,2400.0,2401.0,2351.0,2387.0,419895103,176211,33,2351.0
2011-04-18,2320.0,2330.0,2292.0,2332.0,352249983,152199,34,2292.0
2011-04-19,2250.0,2334.0,2239.0,2309.0,133712198,59345,15,2312.0
2011-04-20,2309.0,2318.0,2260.0,2301.0,267447491,116487,24,2263.0
2011-04-23,2300.0,2300.0,2270.0,2288.0,1104160830,482632,53,2300.0
2011-04-24,2272.0,2299.0,2197.0,2235.0,1486490850,665063,81,2210.0
2011-04-25,2270.0,2270.0,2200.0,2231.0,173582975,78058,23,2250.0
2011-04-26,2250.0,2298.0,2250.0,2276.0,988786350,434460,53,2261.0
2011-04-27,2288.0,2289.0,2185.0,2244.0,841785748,375051,60,2189.0
2011-04-30,2244.0,2244.0,2155.0,2229.0,76671603,35496,11,2155.0
2011-05-01,2140.0,2155.0,2140.0,2141.0,561506240,262316,38,2140.0
2011-05-02,2155.0,2226.0,2155.0,2213.0,421244826,190001,36,2226.0
2011-05-03,2230.0,2267.0,2125.0,2194.0,396593728,180885,32,2178.0
2011-05-04,2248.0,2281.0,2200.0,2265.0,842124759,371800,61,2281.0
2011-05-08,2220.0,2220.0,2180.0,2205.0,352583860,160943,35,2190.0
2011-05-09,2181.0,2230.0,2140.0,2193.0,229188297,105060,36,2200.0
2011-05-10,2200.0,2200.0,2140.0,2159.0,535350968,247990,68,2140.0
2011-05-11,2121.0,2158.0,2100.0,2116.0,465514249,219951,51,2158.0
2011-05-14,2188.0,2200.0,2188.0,2128.0,64023600,29118,10,2200.0
2011-05-15,2213.0,2213.0,2213.0,2213.0,774550000,350000,7,2213.0
2011-05-16,2280.0,2280.0,2125.0,2211.0,3226410054,1459263,156,2172.0
2011-05-17,2140.0,2150.0,2123.0,2127.0,776228366,364945,83,2123.0
2011-05-18,2127.0,2168.0,2120.0,2139.0,482022693,225390,47,2168.0
2011-05-21,2178.0,2178.0,2100.0,2132.0,411771463,193163,42,2150.0
2011-05-22,2174.0,2174.0,2120.0,2135.0,223142440,104412,33,2144.0
2011-05-23,2174.0,2174.0,2102.0,2133.0,779119745,365200,41,2135.0
2011-05-24,2105.0,2107.0,2051.0,2106.0,289939314,138419,36,2051.0
2011-05-25,2061.0,2061.0,2022.0,2036.0,2098482203,1030816,108,2040.0
2011-05-28,2050.0,2060.0,2026.0,2041.0,882520486,432303,88,2036.0
2011-05-29,2045.0,2047.0,2000.0,2031.0,750952764,369675,59,2020.0
2011-05-30,2011.0,2112.0,2010.0,2079.0,401261505,192880,41,2112.0
2011-05-31,2150.0,2162.0,2113.0,2158.0,565406073,262037,50,2161.0
2011-06-01,2113.0,2160.0,2073.0,2154.0,102928696,48108,19,2160.0
2011-06-06,2174.0,2174.0,2088.0,2141.0,208173695,97884,16,2100.0
2011-06-07,2080.0,2140.0,2080.0,2105.0,407760207,193777,28,2082.0
2011-06-08,2079.0,2107.0,2060.0,2100.0,232838547,111121,30,2089.0
2011-06-11,2089.0,2089.0,2026.0,2067.0,354248448,171808,38,2026.0
2011-06-12,2045.0,2050.0,2015.0,2033.0,426087626,209582,37,2049.0
2011-06-13,2007.0,2012.0,1999.0,2002.0,417105775,208396,40,2008.0
2011-06-14,2002.0,2082.0,2001.0,2072.0,539677920,260445,49,2082.0
2011-06-15,2120.0,2120.0,2050.0,2093.0,537452745,256833,59,2050.0
2011-06-18,2119.0,2136.0,2110.0,2117.0,353456854,166601,35,2130.0
2011-06-19,2150.0,2150.0,2070.0,2103.0,615141850,292555,32,2070.0
2011-06-20,2090.0,2090.0,2060.0,2086.0,315533998,151662,32,2080.0
2011-06-21,2089.0,2090.0,2051.0,2077.0,585228565,281776,28,2090.0
2011-06-22,2085.0,2090.0,2080.0,2081.0,170845600,81826,26,2090.0
2011-06-25,2088.0,2088.0,2034.0,2074.0,94218214,45982,11,2053.0
2011-06-26,2050.0,2051.0,2036.0,2046.0,470959940,230233,55,2050.0
2011-06-27,2076.0,2076.0,1965.0,1983.0,989934538,499249,60,1965.0
2011-06-28,1980.0,2040.0,1980.0,1992.0,138925997,69114,28,1991.0
2011-06-29,2020.0,2071.0,2020.0,2047.0,335847602,163106,33,2054.0
2011-07-02,2050.0,2100.0,2030.0,2048.0,77280498,37647,16,2060.0
2011-07-03,2049.0,2050.0,2004.0,2040.0,128223774,63376,24,2039.0
2011-07-04,2038.0,2053.0,2030.0,2039.0,131930187,64730,23,2053.0
2011-07-05,2050.0,2119.0,2021.0,2087.0,584697217,280192,47,2070.0
2011-07-06,2080.0,2080.0,2004.0,2014.0,1887193102,937080,68,2019.0
2011-07-09,2006.0,2020.0,1980.0,2001.0,576463031,288112,47,1985.0
2011-07-10,1990.0,2009.0,1980.0,1998.0,97229120,48859,14,1985.0
2011-07-11,1980.0,2000.0,1975.0,1994.0,252998699,127010,26,1996.0
2011-07-12,2000.0,2039.0,1971.0,2003.0,503947831,251642,44,2030.0
2011-07-13,2002.0,2003.0,1991.0,2002.0,70457132,35239,14,1991.0
2011-07-16,1982.0,1986.0,1980.0,1994.0,169903215,85694,37,1981.0
2011-07-18,1999.0,2020.0,1981.0,1997.0,614410341,307693,51,1999.0
2011-07-25,1799.0,1849.0,1772.0,1808.0,667761065,369305,56,1830.0
2011-07-26,1820.0,1847.0,1770.0,1805.0,331353795,183640,33,1803.0
2011-07-27,1801.0,1801.0,1790.0,1795.0,294490121,164240,27,1792.0
2011-07-30,1793.0,1793.0,1771.0,1783.0,232644762,130965,16,1777.0
2011-07-31,1771.0,1771.0,1730.0,1741.0,460441954,264461,51,1733.0
2011-08-01,1740.0,1780.0,1720.0,1750.0,205389532,116970,39,1780.0
2011-08-02,1780.0,1780.0,1731.0,1750.0,259102983,148100,32,1743.0
2011-08-03,1742.0,1765.0,1742.0,1753.0,96795956,55009,24,1757.0
2011-08-06,1756.0,1758.0,1730.0,1750.0,136831285,78432,25,1751.0
2011-08-07,1750.0,1750.0,1742.0,1748.0,139551873,79995,29,1747.0
2011-08-08,1770.0,1770.0,1710.0,1743.0,99403090,57451,14,1750.0
2011-08-09,1760.0,1800.0,1717.0,1775.0,408415269,230115,23,1736.0
2011-08-10,1746.0,1770.0,1746.0,1769.0,191062760,108270,22,1767.0
2011-08-13,1750.0,1770.0,1743.0,1754.0,426992432,243403,40,1769.0
2011-08-14,1746.0,1769.0,1746.0,1752.0,186298289,106413,25,1749.0
2011-08-15,1725.0,1752.0,1725.0,1752.0,20989205,12014,5,1752.0
2011-08-16,1725.0,1760.0,1725.0,1752.0,17121610,9790,3,1760.0
2011-08-17,1750.0,1770.0,1749.0,1756.0,273629545,155750,24,1760.0
2011-08-20,1750.0,1752.0,1742.0,1747.0,380852761,217973,38,1746.0
2011-08-21,1762.0,1770.0,1760.0,1763.0,324762582,184080,41,1769.0
2011-08-23,1769.0,1770.0,1751.0,1756.0,344394574,196126,44,1762.0
2011-08-24,1762.0,1768.0,1750.0,1754.0,350131710,199646,30,1750.0
2011-08-27,1751.0,1820.0,1711.0,1774.0,1462311919,824228,96,1754.0
2011-08-28,1751.0,1751.0,1737.0,1741.0,383956798,220495,25,1740.0
2011-08-29,1770.0,1770.0,1760.0,1766.0,383431480,217124,30,1760.0
2011-08-30,1763.0,1770.0,1750.0,1756.0,804874015,458435,37,1769.0
2011-09-03,1787.0,1826.0,1787.0,1823.0,3654312535,2004544,139,1826.0
2011-09-04,1895.0,1895.0,1892.0,1895.0,3113857555,1643209,122,1895.0
2011-09-05,1970.0,1970.0,1897.0,1967.0,10343923957,5259810,467,1970.0
2011-09-06,2000.0,2016.0,1896.0,1993.0,3446245688,1729375,127,1955.0
2011-09-07,1917.0,1980.0,1917.0,1941.0,543777322,280174,38,1945.0
2011-09-10,1885.0,1939.0,1885.0,1919.0,367536958,191624,39,1939.0
2011-09-11,1888.0,1935.0,1888.0,1905.0,480993514,252494,44,1918.0
2011-09-12,1900.0,1910.0,1870.0,1898.0,235126556,124162,33,1870.0
2011-09-13,1903.0,1904.0,1891.0,1899.0,76697194,40332,11,1904.0
2011-09-14,1917.0,1950.0,1884.0,1928.0,352672334,182651,27,1950.0
2011-09-17,1910.0,1960.0,1910.0,1942.0,279344705,143421,25,1958.0
2011-09-18,1903.0,1911.0,1902.0,1930.0,141440958,74089,9,1902.0
2011-09-19,1910.0,1915.0,1880.0,1907.0,715671780,375385,26,1880.0
2011-09-20,1861.0,1905.0,1860.0,1870.0,931785771,498233,33,1860.0
2011-09-21,1861.0,1905.0,1861.0,1872.0,40060779,21187,6,1884.0
2011-09-25,1905.0,1905.0,1900.0,1901.0,412524900,216971,29,1900.0
2011-09-26,1908.0,1908.0,1882.0,1901.0,43249146,22703,7,1885.0
2011-09-27,1883.0,1906.0,1882.0,1902.0,551363354,289849,29,1900.0
2011-09-28,1904.0,1926.0,1900.0,1904.0,141296594,74115,19,1926.0
2011-10-01,1901.0,1901.0,1891.0,1903.0,112271411,59100,6,1891.0
2011-10-02,1891.0,1904.0,1890.0,1895.0,462047630,243807,36,1890.0
2011-10-03,1890.0,1900.0,1875.0,1893.0,285095010,150669,12,1875.0
2011-10-04,1850.0,1880.0,1845.0,1880.0,116600738,62938,7,1880.0
2011-10-05,1864.0,1888.0,1864.0,1878.0,350559750,186650,20,1888.0
2011-10-08,1835.0,1864.0,1832.0,1850.0,400747889,216600,46,1857.0
2011-10-09,1859.0,1884.0,1851.0,1875.0,450695584,240398,28,1883.0
2011-10-10,1858.0,1870.0,1853.0,1869.0,126711730,68191,13,1853.0
2011-10-11,1870.0,1889.0,1870.0,1876.0,193249718,102664,23,1883.0
2011-10-12,1860.0,1880.0,1832.0,1872.0,32321438,17611,12,1834.0
2011-10-15,1872.0,1872.0,1830.0,1862.0,90879128,49600,10,1835.0
2011-10-16,1810.0,1810.0,1788.0,1824.0,223081026,123856,20,1788.0
2011-10-17,1788.0,1800.0,1752.0,1781.0,254928863,144487,30,1770.0
2011-10-18,1800.0,1800.0,1753.0,1781.0,5872993,3291,2,1753.0
2011-10-19,1761.0,1762.0,1761.0,1778.0,57441398,32614,9,1762.0
2011-10-23,1829.0,1829.0,1772.0,1778.0,115253370,64800,12,1789.0
2011-10-24,1772.0,1800.0,1772.0,1784.0,267385256,149713,26,1772.0
2011-10-25,1800.0,1810.0,1713.0,1765.0,173205152,99189,33,1750.0
2011-10-26,1725.0,1750.0,1720.0,1739.0,224143656,129936,26,1729.0
2011-10-29,1760.0,1760.0,1704.0,1725.0,165447102,96697,13,1708.0
2011-10-30,1682.0,1765.0,1682.0,1703.0,291617837,171632,34,1691.0
2011-10-31,1700.0,1710.0,1700.0,1703.0,76283392,44843,11,1702.0
2011-11-01,1710.0,1722.0,1706.0,1719.0,359715002,209262,23,1719.0
2011-11-02,1713.0,1746.0,1713.0,1725.0,100389367,57659,9,1743.0
2011-11-05,1731.0,1731.0,1716.0,1724.0,124038944,72000,19,1720.0
2011-11-06,1701.0,1701.0,1701.0,1718.0,85050000,50000,13,1701.0
2011-11-08,1687.0,1687.0,1650.0,1661.0,369137609,222184,48,1680.0
2011-11-09,1600.0,1689.0,1600.0,1660.0,36916206,22290,10,1689.0
2011-11-12,1632.0,1699.0,1631.0,1661.0,29961391,17909,9,1697.0
2011-11-13,1641.0,1670.0,1641.0,1659.0,34315929,20889,10,1643.0
2011-11-14,1636.0,1688.0,1636.0,1654.0,78678000,48000,7,1688.0
2011-11-16,1640.0,1640.0,1636.0,1652.0,43411248,26509,10,1640.0
2011-11-19,1639.0,1660.0,1639.0,1650.0,202835560,123061,18,1651.0
2011-11-20,1643.0,1643.0,1584.0,1630.0,110025512,69143,23,1584.0
2014-02-04,2622.0,2719.0,2518.0,2592.0,12984261666,5009356,685,2699.0
2014-02-05,2666.0,2666.0,2489.0,2516.0,15022555391,5970132,731,2549.0
2014-02-08,2599.0,2616.0,2450.0,2588.0,5201348233,2009857,332,2616.0
2014-02-09,2691.0,2691.0,2691.0,2656.0,356283018,132398,20,2691.0
2014-02-10,2762.0,2762.0,2762.0,2762.0,2046719336,741028,50,2762.0
2014-02-12,2872.0,2872.0,2780.0,2866.0,10007864291,3491378,342,2872.0
2014-02-15,2980.0,2980.0,2980.0,2980.0,687852540,230823,35,2980.0
2014-02-16,3099.0,3099.0,3099.0,3099.0,1787376141,576759,46,3099.0
2014-02-17,3222.0,3222.0,3222.0,3222.0,13820942988,4289554,452,3222.0
2014-02-18,3200.0,3350.0,3200.0,3331.0,15593018205,4681163,565,3320.0
2014-02-19,3464.0,3464.0,3464.0,3464.0,2813730992,812278,55,3464.0
2014-02-22,3602.0,3602.0,3602.0,3511.0,243657290,67645,8,3602.0
2014-02-23,3651.0,3651.0,3651.0,3581.0,364227411,99761,16,3651.0
2014-02-24,3724.0,3724.0,3724.0,3715.0,698816048,187652,22,3724.0
2014-02-25,3863.0,3863.0,3863.0,3863.0,12428638502,3217354,293,3863.0
2014-02-26,4015.0,4017.0,3863.0,4007.0,18605794932,4643149,453,4017.0
2014-03-01,4167.0,4167.0,4167.0,4167.0,1822079088,437264,41,4167.0
2014-03-02,4333.0,4333.0,4333.0,4209.0,221442298,51106,18,4333.0
2014-03-03,4377.0,4377.0,4377.0,4264.0,287700210,65730,17,4377.0
2014-03-04,4434.0,4434.0,4434.0,4404.0,731175468,164902,19,4434.0
2014-03-05,4580.0,4580.0,4580.0,4458.0,281317340,61423,13,4580.0
2014-03-08,4636.0,4636.0,4636.0,4550.0,478819988,103283,19,4636.0
2014-03-09,4732.0,4732.0,4732.0,4618.0,353011932,74601,20,4732.0
2014-03-10,4802.0,4802.0,4802.0,4732.0,593085416,123508,21,4802.0
